{
  "pa:calendar": {
    "textures": "pa_calendar",
    "sound": "normal"
  },
  "pa:headphone": {
    "textures": "pa_headphone",
    "sound": "normal"
  },
  "pa:cashier": {
    "textures": "pa_cashier",
    "sound": "normal"
  },
  "pa:bin": {
    "textures": "pa_bin",
    "sound": "normal"
  },
  "pa:fridge": {
    "textures": "pa_fridge",
    "sound": "normal"
  },
  "pa:pillow": {
    "textures": "pa_pillow",
    "sound": "normal"
  },
  "pa:oven": {
    "textures": "pa_oven",
    "sound": "normal"
  },
  "pa:bread_crate": {
    "textures": "pa_bread_crate",
    "sound": "normal"
  },
  "pa:thread": {
    "textures": "pa_thread",
    "sound": "normal"
  },
  "pa:stool1": {
    "textures": "pa_stool1",
    "sound": "normal"
  },
  "pa:stool": {
    "textures": "pa_stool",
    "sound": "normal"
  },
  "pa:plushie": {
    "textures": "pa_plushie",
    "sound": "normal"
  },
  "pa:berries_in_a_plate": {
    "textures": "pa_berries_in_a_plate",
    "sound": "normal"
  },
  "pa:sink": {
    "textures": "pa_sink",
    "sound": "normal"
  },
  "pa:butterfly_painting": {
    "textures": "pa_butterfly_painting",
    "sound": "normal"
  },
  "pa:milkshake": {
    "textures": "pa_milkshake",
    "sound": "normal"
  },
  "pa:chopboard_yellow": {
    "textures": "pa_chopboard_yellow",
    "sound": "normal"
  },
  "pa:table": {
    "textures": "pa_table",
    "sound": "normal"
  },
  "pa:table1": {
    "textures": "pa_table1",
    "sound": "normal"
  },
  "pa:sidetable": {
    "textures": "pa_sidetable",
    "sound": "normal"
  },
  "pa:jelly_roll": {
    "textures": "pa_jelly_roll",
    "sound": "normal"
  },
  "pa:chopboard_red": {
    "textures": "pa_chopboard_red",
    "sound": "normal"
  },
  "pa:cake": {
    "textures": "pa_cake",
    "sound": "normal"
  },
  "pa:recordplayer_pink": {
    "textures": "pa_recordplayer_pink",
    "sound": "normal"
  },
  "format_version": [
    1,
    1,
    0
  ]
}