{
  "format_version": "1.12.0",
  "minecraft:geometry": [
    {
      "description": {
        "identifier": "geometry.pa_berries_in_a_plate",
        "texture_width": 32,
        "texture_height": 16,
        "visible_bounds_width": 2,
        "visible_bounds_height": 1.5,
        "visible_bounds_offset": [
          0,
          0.25,
          0
        ]
      },
      "bones": [
        {
          "name": "group",
          "pivot": [
            -8,
            8,
            8
          ],
          "cubes": [
            {
              "origin": [
                -6,
                0,
                -6
              ],
              "size": [
                11,
                1,
                11
              ],
              "uv": {
                "north": {
                  "uv": [
                    16,
                    0
                  ],
                  "uv_size": [
                    11,
                    1
                  ]
                },
                "east": {
                  "uv": [
                    16,
                    0
                  ],
                  "uv_size": [
                    11,
                    1
                  ]
                },
                "south": {
                  "uv": [
                    16,
                    0
                  ],
                  "uv_size": [
                    11,
                    1
                  ]
                },
                "west": {
                  "uv": [
                    16,
                    0
                  ],
                  "uv_size": [
                    11,
                    1
                  ]
                },
                "up": {
                  "uv": [
                    27,
                    11
                  ],
                  "uv_size": [
                    -11,
                    -11
                  ]
                },
                "down": {
                  "uv": [
                    27,
                    11
                  ],
                  "uv_size": [
                    -11,
                    -11
                  ]
                }
              }
            }
          ]
        },
        {
          "name": "bone",
          "pivot": [
            0,
            0,
            0
          ],
          "cubes": [
            {
              "origin": [
                -3.25,
                0.75,
                -4.25
              ],
              "size": [
                3.5,
                3.5,
                3.5
              ],
              "uv": {
                "north": {
                  "uv": [
                    0,
                    3
                  ],
                  "uv_size": [
                    3,
                    3
                  ]
                },
                "east": {
                  "uv": [
                    3,
                    3
                  ],
                  "uv_size": [
                    -3,
                    3
                  ]
                },
                "south": {
                  "uv": [
                    0,
                    3
                  ],
                  "uv_size": [
                    3,
                    3
                  ]
                },
                "west": {
                  "uv": [
                    3,
                    3
                  ],
                  "uv_size": [
                    -3,
                    3
                  ]
                },
                "up": {
                  "uv": [
                    6,
                    3
                  ],
                  "uv_size": [
                    -3,
                    -3
                  ]
                },
                "down": {
                  "uv": [
                    9,
                    3
                  ],
                  "uv_size": [
                    -3,
                    -3
                  ]
                }
              }
            },
            {
              "origin": [
                0,
                1,
                -3
              ],
              "size": [
                2,
                2,
                2
              ],
              "uv": {
                "north": {
                  "uv": [
                    1,
                    3
                  ],
                  "uv_size": [
                    2,
                    2
                  ]
                },
                "east": {
                  "uv": [
                    3,
                    5
                  ],
                  "uv_size": [
                    -2,
                    -2
                  ]
                },
                "south": {
                  "uv": [
                    1,
                    5
                  ],
                  "uv_size": [
                    2,
                    -2
                  ]
                },
                "west": {
                  "uv": [
                    3,
                    3
                  ],
                  "uv_size": [
                    -2,
                    2
                  ]
                },
                "up": {
                  "uv": [
                    1,
                    5
                  ],
                  "uv_size": [
                    2,
                    -2
                  ]
                },
                "down": {
                  "uv": [
                    3,
                    5
                  ],
                  "uv_size": [
                    -2,
                    -2
                  ]
                }
              }
            },
            {
              "origin": [
                -3,
                1,
                1
              ],
              "size": [
                2,
                2,
                2
              ],
              "uv": {
                "north": {
                  "uv": [
                    1,
                    3
                  ],
                  "uv_size": [
                    2,
                    2
                  ]
                },
                "east": {
                  "uv": [
                    3,
                    5
                  ],
                  "uv_size": [
                    -2,
                    -2
                  ]
                },
                "south": {
                  "uv": [
                    1,
                    5
                  ],
                  "uv_size": [
                    2,
                    -2
                  ]
                },
                "west": {
                  "uv": [
                    3,
                    3
                  ],
                  "uv_size": [
                    -2,
                    2
                  ]
                },
                "up": {
                  "uv": [
                    1,
                    5
                  ],
                  "uv_size": [
                    2,
                    -2
                  ]
                },
                "down": {
                  "uv": [
                    3,
                    5
                  ],
                  "uv_size": [
                    -2,
                    -2
                  ]
                }
              }
            },
            {
              "origin": [
                -1,
                1,
                -1
              ],
              "size": [
                3,
                3,
                3
              ],
              "uv": {
                "north": {
                  "uv": [
                    0,
                    0
                  ],
                  "uv_size": [
                    3,
                    3
                  ]
                },
                "east": {
                  "uv": [
                    3,
                    0
                  ],
                  "uv_size": [
                    -3,
                    3
                  ]
                },
                "south": {
                  "uv": [
                    0,
                    0
                  ],
                  "uv_size": [
                    3,
                    3
                  ]
                },
                "west": {
                  "uv": [
                    3,
                    0
                  ],
                  "uv_size": [
                    -3,
                    3
                  ]
                },
                "up": {
                  "uv": [
                    3,
                    0
                  ],
                  "uv_size": [
                    3,
                    3
                  ]
                },
                "down": {
                  "uv": [
                    6,
                    3
                  ],
                  "uv_size": [
                    3,
                    -3
                  ]
                }
              }
            },
            {
              "origin": [
                0.31371,
                4,
                -3.41421
              ],
              "size": [
                0,
                4,
                4
              ],
              "pivot": [
                0,
                0,
                0
              ],
              "rotation": [
                0,
                45,
                0
              ],
              "uv": {
                "north": {
                  "uv": [
                    0,
                    0
                  ],
                  "uv_size": [
                    0,
                    4
                  ]
                },
                "east": {
                  "uv": [
                    7,
                    3
                  ],
                  "uv_size": [
                    -4,
                    4
                  ]
                },
                "south": {
                  "uv": [
                    0,
                    0
                  ],
                  "uv_size": [
                    0,
                    4
                  ]
                },
                "west": {
                  "uv": [
                    3,
                    3
                  ],
                  "uv_size": [
                    4,
                    4
                  ]
                },
                "up": {
                  "uv": [
                    0,
                    4
                  ],
                  "uv_size": [
                    0,
                    -4
                  ]
                },
                "down": {
                  "uv": [
                    0,
                    4
                  ],
                  "uv_size": [
                    0,
                    -4
                  ]
                }
              }
            },
            {
              "origin": [
                -1,
                3.55585,
                -1.31492
              ],
              "size": [
                3,
                4,
                0
              ],
              "pivot": [
                0,
                0,
                0
              ],
              "rotation": [
                -22.5,
                0,
                0
              ],
              "uv": {
                "north": {
                  "uv": [
                    0,
                    6
                  ],
                  "uv_size": [
                    3,
                    4
                  ]
                },
                "east": {
                  "uv": [
                    0,
                    0
                  ],
                  "uv_size": [
                    0,
                    4
                  ]
                },
                "south": {
                  "uv": [
                    3,
                    6
                  ],
                  "uv_size": [
                    -3,
                    4
                  ]
                },
                "west": {
                  "uv": [
                    0,
                    0
                  ],
                  "uv_size": [
                    0,
                    4
                  ]
                },
                "up": {
                  "uv": [
                    3,
                    0
                  ],
                  "uv_size": [
                    -3,
                    0
                  ]
                },
                "down": {
                  "uv": [
                    3,
                    0
                  ],
                  "uv_size": [
                    -3,
                    0
                  ]
                }
              }
            },
            {
              "origin": [
                -3,
                4.36396,
                1.63604
              ],
              "size": [
                3,
                4,
                0
              ],
              "pivot": [
                0,
                0,
                0
              ],
              "rotation": [
                45,
                0,
                0
              ],
              "uv": {
                "north": {
                  "uv": [
                    0,
                    6
                  ],
                  "uv_size": [
                    3,
                    4
                  ]
                },
                "east": {
                  "uv": [
                    0,
                    0
                  ],
                  "uv_size": [
                    0,
                    4
                  ]
                },
                "south": {
                  "uv": [
                    3,
                    6
                  ],
                  "uv_size": [
                    -3,
                    4
                  ]
                },
                "west": {
                  "uv": [
                    0,
                    0
                  ],
                  "uv_size": [
                    0,
                    4
                  ]
                },
                "up": {
                  "uv": [
                    3,
                    0
                  ],
                  "uv_size": [
                    -3,
                    0
                  ]
                },
                "down": {
                  "uv": [
                    3,
                    0
                  ],
                  "uv_size": [
                    -3,
                    0
                  ]
                }
              }
            },
            {
              "origin": [
                2.31371,
                1,
                -1.41421
              ],
              "size": [
                3,
                4,
                0
              ],
              "pivot": [
                0,
                0,
                0
              ],
              "rotation": [
                0,
                45,
                0
              ],
              "uv": {
                "north": {
                  "uv": [
                    0,
                    6
                  ],
                  "uv_size": [
                    3,
                    4
                  ]
                },
                "east": {
                  "uv": [
                    0,
                    0
                  ],
                  "uv_size": [
                    0,
                    4
                  ]
                },
                "south": {
                  "uv": [
                    3,
                    6
                  ],
                  "uv_size": [
                    -3,
                    4
                  ]
                },
                "west": {
                  "uv": [
                    0,
                    0
                  ],
                  "uv_size": [
                    0,
                    4
                  ]
                },
                "up": {
                  "uv": [
                    3,
                    0
                  ],
                  "uv_size": [
                    -3,
                    0
                  ]
                },
                "down": {
                  "uv": [
                    3,
                    0
                  ],
                  "uv_size": [
                    -3,
                    0
                  ]
                }
              }
            }
          ]
        }
      ]
    }
  ]
}