{
  "format_version": "1.12.0",
  "minecraft:geometry": [
    {
      "description": {
        "identifier": "geometry.pa_bin",
        "texture_width": 16,
        "texture_height": 16,
        "visible_bounds_width": 2,
        "visible_bounds_height": 2.5,
        "visible_bounds_offset": [
          0,
          0.75,
          0
        ]
      },
      "bones": [
        {
          "name": "bone",
          "pivot": [
            8,
            0,
            -6
          ],
          "cubes": [
            {
              "origin": [
                -4.68925,
                0,
                -1.2855
              ],
              "size": [
                1,
                12,
                4
              ],
              "uv": {
                "north": {
                  "uv": [
                    0,
                    0
                  ],
                  "uv_size": [
                    1,
                    12
                  ]
                },
                "east": {
                  "uv": [
                    0,
                    0
                  ],
                  "uv_size": [
                    4,
                    12
                  ]
                },
                "south": {
                  "uv": [
                    0,
                    0
                  ],
                  "uv_size": [
                    1,
                    12
                  ]
                },
                "west": {
                  "uv": [
                    0,
                    0
                  ],
                  "uv_size": [
                    4,
                    12
                  ]
                },
                "up": {
                  "uv": [
                    1,
                    4
                  ],
                  "uv_size": [
                    -1,
                    -4
                  ]
                },
                "down": {
                  "uv": [
                    1,
                    4
                  ],
                  "uv_size": [
                    -1,
                    -4
                  ]
                }
              }
            },
            {
              "origin": [
                3.12132,
                0,
                -2.04346
              ],
              "size": [
                1,
                12,
                6
              ],
              "uv": {
                "north": {
                  "uv": [
                    0,
                    0
                  ],
                  "uv_size": [
                    1,
                    12
                  ]
                },
                "east": {
                  "uv": [
                    0,
                    0
                  ],
                  "uv_size": [
                    6,
                    12
                  ]
                },
                "south": {
                  "uv": [
                    0,
                    0
                  ],
                  "uv_size": [
                    1,
                    12
                  ]
                },
                "west": {
                  "uv": [
                    0,
                    0
                  ],
                  "uv_size": [
                    6,
                    12
                  ]
                },
                "up": {
                  "uv": [
                    1,
                    6
                  ],
                  "uv_size": [
                    -1,
                    -6
                  ]
                },
                "down": {
                  "uv": [
                    1,
                    6
                  ],
                  "uv_size": [
                    -1,
                    -6
                  ]
                }
              }
            },
            {
              "origin": [
                0.17784,
                0,
                -4.23044
              ],
              "size": [
                1,
                12,
                1
              ],
              "pivot": [
                0,
                0,
                0
              ],
              "rotation": [
                0,
                -22.5,
                0
              ],
              "uv": {
                "north": {
                  "uv": [
                    0,
                    0
                  ],
                  "uv_size": [
                    1,
                    12
                  ]
                },
                "east": {
                  "uv": [
                    0,
                    0
                  ],
                  "uv_size": [
                    1,
                    12
                  ]
                },
                "south": {
                  "uv": [
                    0,
                    0
                  ],
                  "uv_size": [
                    1,
                    12
                  ]
                },
                "west": {
                  "uv": [
                    0,
                    0
                  ],
                  "uv_size": [
                    1,
                    12
                  ]
                },
                "up": {
                  "uv": [
                    1,
                    1
                  ],
                  "uv_size": [
                    -1,
                    -1
                  ]
                },
                "down": {
                  "uv": [
                    1,
                    1
                  ],
                  "uv_size": [
                    -1,
                    -1
                  ]
                }
              }
            },
            {
              "origin": [
                -0.53073,
                0,
                -4.35916
              ],
              "size": [
                2,
                12,
                1
              ],
              "pivot": [
                0,
                0,
                0
              ],
              "rotation": [
                0,
                -45,
                0
              ],
              "uv": {
                "north": {
                  "uv": [
                    0,
                    0
                  ],
                  "uv_size": [
                    2,
                    12
                  ]
                },
                "east": {
                  "uv": [
                    0,
                    0
                  ],
                  "uv_size": [
                    1,
                    12
                  ]
                },
                "south": {
                  "uv": [
                    0,
                    0
                  ],
                  "uv_size": [
                    2,
                    12
                  ]
                },
                "west": {
                  "uv": [
                    0,
                    0
                  ],
                  "uv_size": [
                    1,
                    12
                  ]
                },
                "up": {
                  "uv": [
                    1,
                    2
                  ],
                  "uv_size": [
                    -1,
                    -2
                  ]
                },
                "down": {
                  "uv": [
                    1,
                    2
                  ],
                  "uv_size": [
                    -1,
                    -2
                  ]
                }
              }
            },
            {
              "origin": [
                -6.00061,
                0,
                0.45141
              ],
              "size": [
                1,
                12,
                1
              ],
              "pivot": [
                0,
                0,
                0
              ],
              "rotation": [
                0,
                45,
                0
              ],
              "uv": {
                "north": {
                  "uv": [
                    0,
                    0
                  ],
                  "uv_size": [
                    1,
                    12
                  ]
                },
                "east": {
                  "uv": [
                    0,
                    0
                  ],
                  "uv_size": [
                    1,
                    12
                  ]
                },
                "south": {
                  "uv": [
                    0,
                    0
                  ],
                  "uv_size": [
                    1,
                    12
                  ]
                },
                "west": {
                  "uv": [
                    0,
                    0
                  ],
                  "uv_size": [
                    1,
                    12
                  ]
                },
                "up": {
                  "uv": [
                    1,
                    1
                  ],
                  "uv_size": [
                    -1,
                    -1
                  ]
                },
                "down": {
                  "uv": [
                    1,
                    1
                  ],
                  "uv_size": [
                    -1,
                    -1
                  ]
                }
              }
            },
            {
              "origin": [
                -3.21677,
                0,
                -3.84036
              ],
              "size": [
                5,
                12,
                6
              ],
              "uv": {
                "north": {
                  "uv": [
                    0,
                    0
                  ],
                  "uv_size": [
                    5,
                    12
                  ]
                },
                "east": {
                  "uv": [
                    0,
                    0
                  ],
                  "uv_size": [
                    6,
                    12
                  ]
                },
                "south": {
                  "uv": [
                    0,
                    0
                  ],
                  "uv_size": [
                    5,
                    12
                  ]
                },
                "west": {
                  "uv": [
                    0,
                    0
                  ],
                  "uv_size": [
                    6,
                    12
                  ]
                },
                "up": {
                  "uv": [
                    5,
                    6
                  ],
                  "uv_size": [
                    -5,
                    -6
                  ]
                },
                "down": {
                  "uv": [
                    5,
                    6
                  ],
                  "uv_size": [
                    -5,
                    -6
                  ]
                }
              }
            },
            {
              "origin": [
                -3.21677,
                0,
                2.26937
              ],
              "size": [
                5,
                12,
                3
              ],
              "uv": {
                "north": {
                  "uv": [
                    0,
                    0
                  ],
                  "uv_size": [
                    5,
                    12
                  ]
                },
                "east": {
                  "uv": [
                    0,
                    0
                  ],
                  "uv_size": [
                    3,
                    12
                  ]
                },
                "south": {
                  "uv": [
                    0,
                    0
                  ],
                  "uv_size": [
                    5,
                    12
                  ]
                },
                "west": {
                  "uv": [
                    0,
                    0
                  ],
                  "uv_size": [
                    3,
                    12
                  ]
                },
                "up": {
                  "uv": [
                    5,
                    3
                  ],
                  "uv_size": [
                    -5,
                    -3
                  ]
                },
                "down": {
                  "uv": [
                    5,
                    3
                  ],
                  "uv_size": [
                    -5,
                    -3
                  ]
                }
              }
            },
            {
              "origin": [
                -5.37109,
                0,
                0.71338
              ],
              "size": [
                1,
                12,
                2
              ],
              "pivot": [
                0,
                0,
                0
              ],
              "rotation": [
                0,
                22.5,
                0
              ],
              "uv": {
                "north": {
                  "uv": [
                    0,
                    0
                  ],
                  "uv_size": [
                    1,
                    12
                  ]
                },
                "east": {
                  "uv": [
                    0,
                    0
                  ],
                  "uv_size": [
                    2,
                    12
                  ]
                },
                "south": {
                  "uv": [
                    0,
                    0
                  ],
                  "uv_size": [
                    1,
                    12
                  ]
                },
                "west": {
                  "uv": [
                    0,
                    0
                  ],
                  "uv_size": [
                    2,
                    12
                  ]
                },
                "up": {
                  "uv": [
                    2,
                    1
                  ],
                  "uv_size": [
                    -2,
                    -1
                  ]
                },
                "down": {
                  "uv": [
                    2,
                    1
                  ],
                  "uv_size": [
                    -2,
                    -1
                  ]
                }
              }
            },
            {
              "origin": [
                -0.88348,
                0,
                4.71191
              ],
              "size": [
                1,
                12,
                1
              ],
              "pivot": [
                0,
                0,
                0
              ],
              "rotation": [
                0,
                45,
                0
              ],
              "uv": {
                "north": {
                  "uv": [
                    0,
                    0
                  ],
                  "uv_size": [
                    1,
                    12
                  ]
                },
                "east": {
                  "uv": [
                    0,
                    0
                  ],
                  "uv_size": [
                    1,
                    12
                  ]
                },
                "south": {
                  "uv": [
                    0,
                    0
                  ],
                  "uv_size": [
                    1,
                    12
                  ]
                },
                "west": {
                  "uv": [
                    0,
                    0
                  ],
                  "uv_size": [
                    1,
                    12
                  ]
                },
                "up": {
                  "uv": [
                    1,
                    1
                  ],
                  "uv_size": [
                    -1,
                    -1
                  ]
                },
                "down": {
                  "uv": [
                    1,
                    1
                  ],
                  "uv_size": [
                    -1,
                    -1
                  ]
                }
              }
            },
            {
              "origin": [
                -0.63038,
                0,
                4.61521
              ],
              "size": [
                2,
                12,
                1
              ],
              "pivot": [
                0,
                0,
                0
              ],
              "rotation": [
                0,
                22.5,
                0
              ],
              "uv": {
                "north": {
                  "uv": [
                    0,
                    0
                  ],
                  "uv_size": [
                    2,
                    12
                  ]
                },
                "east": {
                  "uv": [
                    0,
                    0
                  ],
                  "uv_size": [
                    1,
                    12
                  ]
                },
                "south": {
                  "uv": [
                    0,
                    0
                  ],
                  "uv_size": [
                    2,
                    12
                  ]
                },
                "west": {
                  "uv": [
                    0,
                    0
                  ],
                  "uv_size": [
                    1,
                    12
                  ]
                },
                "up": {
                  "uv": [
                    2,
                    1
                  ],
                  "uv_size": [
                    -2,
                    -1
                  ]
                },
                "down": {
                  "uv": [
                    2,
                    1
                  ],
                  "uv_size": [
                    -2,
                    -1
                  ]
                }
              }
            },
            {
              "origin": [
                -0.55906,
                0,
                -4.99015
              ],
              "size": [
                1,
                12,
                1
              ],
              "pivot": [
                0,
                0,
                0
              ],
              "rotation": [
                0,
                45,
                0
              ],
              "uv": {
                "north": {
                  "uv": [
                    0,
                    0
                  ],
                  "uv_size": [
                    1,
                    12
                  ]
                },
                "east": {
                  "uv": [
                    0,
                    0
                  ],
                  "uv_size": [
                    1,
                    12
                  ]
                },
                "south": {
                  "uv": [
                    0,
                    0
                  ],
                  "uv_size": [
                    1,
                    12
                  ]
                },
                "west": {
                  "uv": [
                    0,
                    0
                  ],
                  "uv_size": [
                    1,
                    12
                  ]
                },
                "up": {
                  "uv": [
                    1,
                    1
                  ],
                  "uv_size": [
                    -1,
                    -1
                  ]
                },
                "down": {
                  "uv": [
                    1,
                    1
                  ],
                  "uv_size": [
                    -1,
                    -1
                  ]
                }
              }
            },
            {
              "origin": [
                -4.82424,
                0,
                -1.39315
              ],
              "size": [
                1,
                12,
                2
              ],
              "pivot": [
                0,
                0,
                0
              ],
              "rotation": [
                0,
                -22.5,
                0
              ],
              "uv": {
                "north": {
                  "uv": [
                    0,
                    0
                  ],
                  "uv_size": [
                    1,
                    12
                  ]
                },
                "east": {
                  "uv": [
                    0,
                    0
                  ],
                  "uv_size": [
                    2,
                    12
                  ]
                },
                "south": {
                  "uv": [
                    0,
                    0
                  ],
                  "uv_size": [
                    1,
                    12
                  ]
                },
                "west": {
                  "uv": [
                    0,
                    0
                  ],
                  "uv_size": [
                    2,
                    12
                  ]
                },
                "up": {
                  "uv": [
                    1,
                    2
                  ],
                  "uv_size": [
                    -1,
                    -2
                  ]
                },
                "down": {
                  "uv": [
                    1,
                    2
                  ],
                  "uv_size": [
                    -1,
                    -2
                  ]
                }
              }
            },
            {
              "origin": [
                -6,
                12,
                -5
              ],
              "size": [
                11,
                2,
                11
              ],
              "uv": {
                "north": {
                  "uv": [
                    0,
                    0
                  ],
                  "uv_size": [
                    11,
                    2
                  ]
                },
                "east": {
                  "uv": [
                    0,
                    0
                  ],
                  "uv_size": [
                    11,
                    2
                  ]
                },
                "south": {
                  "uv": [
                    0,
                    0
                  ],
                  "uv_size": [
                    11,
                    2
                  ]
                },
                "west": {
                  "uv": [
                    0,
                    0
                  ],
                  "uv_size": [
                    11,
                    2
                  ]
                },
                "up": {
                  "uv": [
                    11,
                    11
                  ],
                  "uv_size": [
                    -11,
                    -11
                  ]
                },
                "down": {
                  "uv": [
                    11,
                    11
                  ],
                  "uv_size": [
                    -11,
                    -11
                  ]
                }
              }
            },
            {
              "origin": [
                2,
                14,
                0
              ],
              "size": [
                1,
                2,
                1
              ],
              "uv": {
                "north": {
                  "uv": [
                    0,
                    0
                  ],
                  "uv_size": [
                    1,
                    2
                  ]
                },
                "east": {
                  "uv": [
                    0,
                    0
                  ],
                  "uv_size": [
                    1,
                    2
                  ]
                },
                "south": {
                  "uv": [
                    0,
                    0
                  ],
                  "uv_size": [
                    1,
                    2
                  ]
                },
                "west": {
                  "uv": [
                    0,
                    0
                  ],
                  "uv_size": [
                    1,
                    2
                  ]
                },
                "up": {
                  "uv": [
                    1,
                    1
                  ],
                  "uv_size": [
                    -1,
                    -1
                  ]
                },
                "down": {
                  "uv": [
                    1,
                    1
                  ],
                  "uv_size": [
                    -1,
                    -1
                  ]
                }
              }
            },
            {
              "origin": [
                -4,
                14,
                0
              ],
              "size": [
                1,
                2,
                1
              ],
              "uv": {
                "north": {
                  "uv": [
                    0,
                    0
                  ],
                  "uv_size": [
                    1,
                    2
                  ]
                },
                "east": {
                  "uv": [
                    0,
                    0
                  ],
                  "uv_size": [
                    1,
                    2
                  ]
                },
                "south": {
                  "uv": [
                    0,
                    0
                  ],
                  "uv_size": [
                    1,
                    2
                  ]
                },
                "west": {
                  "uv": [
                    0,
                    0
                  ],
                  "uv_size": [
                    1,
                    2
                  ]
                },
                "up": {
                  "uv": [
                    1,
                    1
                  ],
                  "uv_size": [
                    -1,
                    -1
                  ]
                },
                "down": {
                  "uv": [
                    1,
                    1
                  ],
                  "uv_size": [
                    -1,
                    -1
                  ]
                }
              }
            },
            {
              "origin": [
                -3,
                15,
                0
              ],
              "size": [
                5,
                1,
                1
              ],
              "uv": {
                "north": {
                  "uv": [
                    0,
                    0
                  ],
                  "uv_size": [
                    5,
                    1
                  ]
                },
                "east": {
                  "uv": [
                    0,
                    0
                  ],
                  "uv_size": [
                    1,
                    1
                  ]
                },
                "south": {
                  "uv": [
                    0,
                    0
                  ],
                  "uv_size": [
                    5,
                    1
                  ]
                },
                "west": {
                  "uv": [
                    0,
                    0
                  ],
                  "uv_size": [
                    1,
                    1
                  ]
                },
                "up": {
                  "uv": [
                    5,
                    1
                  ],
                  "uv_size": [
                    -5,
                    -1
                  ]
                },
                "down": {
                  "uv": [
                    5,
                    1
                  ],
                  "uv_size": [
                    -5,
                    -1
                  ]
                }
              }
            }
          ]
        }
      ]
    }
  ]
}