{
  "format_version": "1.12.0",
  "minecraft:geometry": [
    {
      "description": {
        "identifier": "geometry.pa_butterfly_painting",
        "texture_width": 32,
        "texture_height": 16,
        "visible_bounds_width": 3,
        "visible_bounds_height": 3,
        "visible_bounds_offset": [
          0,
          0.5,
          0
        ]
      },
      "bones": [
        {
          "name": "bone",
          "pivot": [
            0,
            0,
            0
          ],
          "cubes": [
            {
              "origin": [
                -16,
                0,
                0
              ],
              "size": [
                32,
                16,
                1
              ],
              "uv": {
                "north": {
                  "uv": [
                    10,
                    2
                  ],
                  "uv_size": [
                    6,
                    4
                  ]
                },
                "east": {
                  "uv": [
                    0,
                    0
                  ],
                  "uv_size": [
                    2,
                    16
                  ]
                },
                "south": {
                  "uv": [
                    0,
                    0
                  ],
                  "uv_size": [
                    32,
                    16
                  ]
                },
                "west": {
                  "uv": [
                    0,
                    0
                  ],
                  "uv_size": [
                    2,
                    16
                  ]
                },
                "up": {
                  "uv": [
                    32,
                    1
                  ],
                  "uv_size": [
                    -32,
                    -1
                  ]
                },
                "down": {
                  "uv": [
                    32,
                    1
                  ],
                  "uv_size": [
                    -32,
                    -1
                  ]
                }
              }
            }
          ]
        }
      ]
    }
  ]
}