{
  "format_version": "1.12.0",
  "minecraft:geometry": [
    {
      "description": {
        "identifier": "geometry.pa_bread_crate",
        "texture_width": 48,
        "texture_height": 32,
        "visible_bounds_width": 2,
        "visible_bounds_height": 2.5,
        "visible_bounds_offset": [
          0,
          0.75,
          0
        ]
      },
      "bones": [
        {
          "name": "bone",
          "pivot": [
            8,
            0,
            -8
          ],
          "cubes": [
            {
              "origin": [
                -5,
                0,
                -5
              ],
              "size": [
                10,
                1,
                10
              ],
              "uv": {
                "north": {
                  "uv": [
                    16,
                    0
                  ],
                  "uv_size": [
                    10,
                    1
                  ]
                },
                "east": {
                  "uv": [
                    16,
                    0
                  ],
                  "uv_size": [
                    10,
                    1
                  ]
                },
                "south": {
                  "uv": [
                    16,
                    0
                  ],
                  "uv_size": [
                    10,
                    1
                  ]
                },
                "west": {
                  "uv": [
                    16,
                    0
                  ],
                  "uv_size": [
                    10,
                    1
                  ]
                },
                "up": {
                  "uv": [
                    26,
                    10
                  ],
                  "uv_size": [
                    -10,
                    -10
                  ]
                },
                "down": {
                  "uv": [
                    26,
                    10
                  ],
                  "uv_size": [
                    -10,
                    -10
                  ]
                }
              }
            },
            {
              "origin": [
                -5,
                1,
                -6
              ],
              "size": [
                10,
                8,
                1
              ],
              "uv": {
                "north": {
                  "uv": [
                    0,
                    0
                  ],
                  "uv_size": [
                    10,
                    8
                  ]
                },
                "east": {
                  "uv": [
                    9,
                    0
                  ],
                  "uv_size": [
                    1,
                    8
                  ]
                },
                "south": {
                  "uv": [
                    0,
                    8
                  ],
                  "uv_size": [
                    10,
                    8
                  ]
                },
                "west": {
                  "uv": [
                    0,
                    0
                  ],
                  "uv_size": [
                    1,
                    8
                  ]
                },
                "up": {
                  "uv": [
                    10,
                    1
                  ],
                  "uv_size": [
                    -10,
                    -1
                  ]
                },
                "down": {
                  "uv": [
                    10,
                    14
                  ],
                  "uv_size": [
                    -10,
                    -1
                  ]
                }
              }
            },
            {
              "origin": [
                -5,
                1,
                5
              ],
              "size": [
                10,
                8,
                1
              ],
              "uv": {
                "north": {
                  "uv": [
                    0,
                    8
                  ],
                  "uv_size": [
                    10,
                    8
                  ]
                },
                "east": {
                  "uv": [
                    9,
                    0
                  ],
                  "uv_size": [
                    1,
                    8
                  ]
                },
                "south": {
                  "uv": [
                    0,
                    0
                  ],
                  "uv_size": [
                    10,
                    8
                  ]
                },
                "west": {
                  "uv": [
                    0,
                    0
                  ],
                  "uv_size": [
                    1,
                    8
                  ]
                },
                "up": {
                  "uv": [
                    10,
                    1
                  ],
                  "uv_size": [
                    -10,
                    -1
                  ]
                },
                "down": {
                  "uv": [
                    10,
                    14
                  ],
                  "uv_size": [
                    -10,
                    -1
                  ]
                }
              }
            },
            {
              "origin": [
                5,
                1,
                -5
              ],
              "size": [
                1,
                8,
                10
              ],
              "uv": {
                "north": {
                  "uv": [
                    0,
                    0
                  ],
                  "uv_size": [
                    1,
                    8
                  ]
                },
                "east": {
                  "uv": [
                    0,
                    8
                  ],
                  "uv_size": [
                    10,
                    8
                  ]
                },
                "south": {
                  "uv": [
                    9,
                    0
                  ],
                  "uv_size": [
                    1,
                    8
                  ]
                },
                "west": {
                  "uv": [
                    0,
                    0
                  ],
                  "uv_size": [
                    10,
                    8
                  ]
                },
                "up": {
                  "uv": [
                    10,
                    1
                  ],
                  "uv_size": [
                    -10,
                    -1
                  ]
                },
                "down": {
                  "uv": [
                    10,
                    14
                  ],
                  "uv_size": [
                    -10,
                    -1
                  ]
                }
              }
            },
            {
              "origin": [
                -6,
                1,
                -5
              ],
              "size": [
                1,
                8,
                10
              ],
              "uv": {
                "north": {
                  "uv": [
                    0,
                    0
                  ],
                  "uv_size": [
                    1,
                    8
                  ]
                },
                "east": {
                  "uv": [
                    0,
                    0
                  ],
                  "uv_size": [
                    10,
                    8
                  ]
                },
                "south": {
                  "uv": [
                    9,
                    0
                  ],
                  "uv_size": [
                    1,
                    8
                  ]
                },
                "west": {
                  "uv": [
                    0,
                    8
                  ],
                  "uv_size": [
                    10,
                    8
                  ]
                },
                "up": {
                  "uv": [
                    10,
                    1
                  ],
                  "uv_size": [
                    -10,
                    -1
                  ]
                },
                "down": {
                  "uv": [
                    10,
                    14
                  ],
                  "uv_size": [
                    -10,
                    -1
                  ]
                }
              }
            },
            {
              "origin": [
                -4.5,
                1.55195,
                -1.77164
              ],
              "size": [
                3,
                14,
                3
              ],
              "pivot": [
                0,
                0,
                0
              ],
              "rotation": [
                -22.5,
                0,
                0
              ],
              "uv": {
                "north": {
                  "uv": [
                    35,
                    14
                  ],
                  "uv_size": [
                    -3,
                    -14
                  ]
                },
                "east": {
                  "uv": [
                    38,
                    0
                  ],
                  "uv_size": [
                    -3,
                    14
                  ]
                },
                "south": {
                  "uv": [
                    41,
                    14
                  ],
                  "uv_size": [
                    -3,
                    -14
                  ]
                },
                "west": {
                  "uv": [
                    35,
                    0
                  ],
                  "uv_size": [
                    3,
                    14
                  ]
                },
                "up": {
                  "uv": [
                    41,
                    0
                  ],
                  "uv_size": [
                    3,
                    3
                  ]
                },
                "down": {
                  "uv": [
                    41,
                    0
                  ],
                  "uv_size": [
                    3,
                    3
                  ]
                }
              }
            },
            {
              "origin": [
                -4,
                1,
                -5
              ],
              "size": [
                8,
                8,
                5
              ],
              "uv": {
                "north": {
                  "uv": [
                    0,
                    16
                  ],
                  "uv_size": [
                    8,
                    8
                  ]
                },
                "east": {
                  "uv": [
                    16,
                    21
                  ],
                  "uv_size": [
                    -8,
                    -5
                  ]
                },
                "south": {
                  "uv": [
                    0,
                    24
                  ],
                  "uv_size": [
                    8,
                    8
                  ]
                },
                "west": {
                  "uv": [
                    8,
                    16
                  ],
                  "uv_size": [
                    8,
                    5
                  ]
                },
                "up": {
                  "uv": [
                    16,
                    21
                  ],
                  "uv_size": [
                    -8,
                    5
                  ]
                },
                "down": {
                  "uv": [
                    8,
                    26
                  ],
                  "uv_size": [
                    8,
                    -5
                  ]
                }
              }
            },
            {
              "origin": [
                -3,
                9,
                -4
              ],
              "size": [
                6,
                4,
                5
              ],
              "uv": {
                "north": {
                  "uv": [
                    32,
                    21
                  ],
                  "uv_size": [
                    6,
                    4
                  ]
                },
                "east": {
                  "uv": [
                    38,
                    21
                  ],
                  "uv_size": [
                    5,
                    4
                  ]
                },
                "south": {
                  "uv": [
                    32,
                    21
                  ],
                  "uv_size": [
                    6,
                    4
                  ]
                },
                "west": {
                  "uv": [
                    38,
                    21
                  ],
                  "uv_size": [
                    5,
                    4
                  ]
                },
                "up": {
                  "uv": [
                    32,
                    21
                  ],
                  "uv_size": [
                    6,
                    -5
                  ]
                },
                "down": {
                  "uv": [
                    38,
                    21
                  ],
                  "uv_size": [
                    6,
                    -5
                  ]
                }
              }
            },
            {
              "origin": [
                -1,
                1,
                1
              ],
              "size": [
                5,
                10,
                4
              ],
              "uv": {
                "north": {
                  "uv": [
                    16,
                    16
                  ],
                  "uv_size": [
                    5,
                    10
                  ]
                },
                "east": {
                  "uv": [
                    31,
                    16
                  ],
                  "uv_size": [
                    -10,
                    4
                  ]
                },
                "south": {
                  "uv": [
                    21,
                    21
                  ],
                  "uv_size": [
                    5,
                    10
                  ]
                },
                "west": {
                  "uv": [
                    31,
                    20
                  ],
                  "uv_size": [
                    -10,
                    -4
                  ]
                },
                "up": {
                  "uv": [
                    21,
                    30
                  ],
                  "uv_size": [
                    -5,
                    -4
                  ]
                },
                "down": {
                  "uv": [
                    16,
                    26
                  ],
                  "uv_size": [
                    5,
                    4
                  ]
                }
              }
            }
          ]
        }
      ]
    }
  ]
}