{
  "format_version": "1.12.0",
  "minecraft:geometry": [
    {
      "description": {
        "identifier": "geometry.pa_calendar",
        "texture_width": 736,
        "texture_height": 736,
        "visible_bounds_width": 2,
        "visible_bounds_height": 1.5,
        "visible_bounds_offset": [
          0,
          0.25,
          0
        ]
      },
      "bones": [
        {
          "name": "bone",
          "pivot": [
            8,
            0,
            -8
          ],
          "cubes": [
            {
              "origin": [
                -3,
                0,
                0
              ],
              "size": [
                7,
                1,
                4
              ],
              "uv": {
                "north": {
                  "uv": [
                    0,
                    0
                  ],
                  "uv_size": [
                    322,
                    46
                  ]
                },
                "east": {
                  "uv": [
                    0,
                    0
                  ],
                  "uv_size": [
                    184,
                    46
                  ]
                },
                "south": {
                  "uv": [
                    199,
                    577
                  ],
                  "uv_size": [
                    134,
                    37
                  ]
                },
                "west": {
                  "uv": [
                    0,
                    0
                  ],
                  "uv_size": [
                    184,
                    46
                  ]
                },
                "up": {
                  "uv": [
                    408,
                    245
                  ],
                  "uv_size": [
                    -92,
                    -58
                  ]
                },
                "down": {
                  "uv": [
                    322,
                    184
                  ],
                  "uv_size": [
                    -322,
                    -184
                  ]
                }
              }
            },
            {
              "origin": [
                -3,
                -0.60896,
                3.06147
              ],
              "size": [
                7,
                7,
                1
              ],
              "pivot": [
                0,
                0,
                0
              ],
              "rotation": [
                22.5,
                0,
                0
              ],
              "uv": {
                "north": {
                  "uv": [
                    304,
                    170
                  ],
                  "uv_size": [
                    95,
                    76
                  ]
                },
                "east": {
                  "uv": [
                    0,
                    0
                  ],
                  "uv_size": [
                    46,
                    322
                  ]
                },
                "south": {
                  "uv": [
                    129,
                    118
                  ],
                  "uv_size": [
                    426,
                    435
                  ]
                },
                "west": {
                  "uv": [
                    0,
                    0
                  ],
                  "uv_size": [
                    46,
                    322
                  ]
                },
                "up": {
                  "uv": [
                    322,
                    46
                  ],
                  "uv_size": [
                    -322,
                    -46
                  ]
                },
                "down": {
                  "uv": [
                    322,
                    46
                  ],
                  "uv_size": [
                    -322,
                    -46
                  ]
                }
              }
            },
            {
              "origin": [
                -3,
                0.07612,
                -0.61732
              ],
              "size": [
                7,
                7,
                1
              ],
              "uv": {
                "north": {
                  "uv": [
                    332,
                    182
                  ],
                  "uv_size": [
                    86,
                    73
                  ]
                },
                "east": {
                  "uv": [
                    0,
                    0
                  ],
                  "uv_size": [
                    46,
                    322
                  ]
                },
                "south": {
                  "uv": [
                    278,
                    183
                  ],
                  "uv_size": [
                    94,
                    63
                  ]
                },
                "west": {
                  "uv": [
                    0,
                    0
                  ],
                  "uv_size": [
                    46,
                    322
                  ]
                },
                "up": {
                  "uv": [
                    322,
                    46
                  ],
                  "uv_size": [
                    -322,
                    -46
                  ]
                },
                "down": {
                  "uv": [
                    322,
                    46
                  ],
                  "uv_size": [
                    -322,
                    -46
                  ]
                }
              }
            }
          ]
        }
      ]
    }
  ]
}