{
  "format_version": "1.12.0",
  "minecraft:geometry": [
    {
      "description": {
        "identifier": "geometry.pa_chopboard_yellow",
        "texture_width": 48,
        "texture_height": 32,
        "visible_bounds_width": 2,
        "visible_bounds_height": 1.5,
        "visible_bounds_offset": [
          0,
          0.25,
          0
        ]
      },
      "bones": [
        {
          "name": "board",
          "pivot": [
            -8,
            8,
            8
          ],
          "cubes": [
            {
              "origin": [
                -3,
                0.25,
                -5.3
              ],
              "size": [
                6,
                0.75,
                7.3
              ],
              "uv": {
                "north": {
                  "uv": [
                    0,
                    0
                  ],
                  "uv_size": [
                    6,
                    0.75
                  ]
                },
                "east": {
                  "uv": [
                    0,
                    0
                  ],
                  "uv_size": [
                    7.3,
                    0.75
                  ]
                },
                "south": {
                  "uv": [
                    0,
                    0
                  ],
                  "uv_size": [
                    6,
                    0.75
                  ]
                },
                "west": {
                  "uv": [
                    0,
                    0
                  ],
                  "uv_size": [
                    7.3,
                    0.75
                  ]
                },
                "up": {
                  "uv": [
                    6,
                    7.3
                  ],
                  "uv_size": [
                    -6,
                    -7.3
                  ]
                },
                "down": {
                  "uv": [
                    6,
                    7.3
                  ],
                  "uv_size": [
                    -6,
                    -7.3
                  ]
                }
              }
            },
            {
              "origin": [
                -0.8,
                0.25,
                2.7
              ],
              "size": [
                1.6,
                0.75,
                2
              ],
              "uv": {
                "north": {
                  "uv": [
                    0,
                    0
                  ],
                  "uv_size": [
                    1.6,
                    1
                  ]
                },
                "east": {
                  "uv": [
                    0,
                    0
                  ],
                  "uv_size": [
                    2,
                    1
                  ]
                },
                "south": {
                  "uv": [
                    0,
                    0
                  ],
                  "uv_size": [
                    1.6,
                    1
                  ]
                },
                "west": {
                  "uv": [
                    0,
                    0
                  ],
                  "uv_size": [
                    2,
                    1
                  ]
                },
                "up": {
                  "uv": [
                    5.6,
                    7
                  ],
                  "uv_size": [
                    -1.6,
                    -2
                  ]
                },
                "down": {
                  "uv": [
                    5.6,
                    5
                  ],
                  "uv_size": [
                    -1.6,
                    -2
                  ]
                }
              }
            },
            {
              "origin": [
                0.3,
                0.25,
                4.7
              ],
              "size": [
                0.5,
                0.75,
                0.35
              ],
              "uv": {
                "north": {
                  "uv": [
                    0,
                    0
                  ],
                  "uv_size": [
                    0.5,
                    1
                  ]
                },
                "east": {
                  "uv": [
                    0,
                    0
                  ],
                  "uv_size": [
                    0.35,
                    1
                  ]
                },
                "south": {
                  "uv": [
                    0,
                    0
                  ],
                  "uv_size": [
                    0.5,
                    1
                  ]
                },
                "west": {
                  "uv": [
                    0,
                    0
                  ],
                  "uv_size": [
                    0.35,
                    1
                  ]
                },
                "up": {
                  "uv": [
                    5.5,
                    6.35
                  ],
                  "uv_size": [
                    -0.5,
                    -0.35
                  ]
                },
                "down": {
                  "uv": [
                    4.5,
                    4.35
                  ],
                  "uv_size": [
                    -0.5,
                    -0.35
                  ]
                }
              }
            },
            {
              "origin": [
                -0.8,
                0.25,
                4.7
              ],
              "size": [
                0.5,
                0.75,
                0.35
              ],
              "uv": {
                "north": {
                  "uv": [
                    0,
                    0
                  ],
                  "uv_size": [
                    0.5,
                    1
                  ]
                },
                "east": {
                  "uv": [
                    0,
                    0
                  ],
                  "uv_size": [
                    0.35,
                    1
                  ]
                },
                "south": {
                  "uv": [
                    0,
                    0
                  ],
                  "uv_size": [
                    0.5,
                    1
                  ]
                },
                "west": {
                  "uv": [
                    0,
                    0
                  ],
                  "uv_size": [
                    0.35,
                    1
                  ]
                },
                "up": {
                  "uv": [
                    3.5,
                    3.35
                  ],
                  "uv_size": [
                    -0.5,
                    -0.35
                  ]
                },
                "down": {
                  "uv": [
                    8.5,
                    5.35
                  ],
                  "uv_size": [
                    -0.5,
                    -0.35
                  ]
                }
              }
            },
            {
              "origin": [
                0.75,
                0.25,
                4
              ],
              "size": [
                0.75,
                0.75,
                1
              ],
              "uv": {
                "north": {
                  "uv": [
                    0,
                    0
                  ],
                  "uv_size": [
                    0.75,
                    1
                  ]
                },
                "east": {
                  "uv": [
                    0,
                    0
                  ],
                  "uv_size": [
                    1,
                    1
                  ]
                },
                "south": {
                  "uv": [
                    0,
                    0
                  ],
                  "uv_size": [
                    0.75,
                    1
                  ]
                },
                "west": {
                  "uv": [
                    0,
                    0
                  ],
                  "uv_size": [
                    1,
                    1
                  ]
                },
                "up": {
                  "uv": [
                    8.75,
                    5
                  ],
                  "uv_size": [
                    -0.75,
                    -1
                  ]
                },
                "down": {
                  "uv": [
                    4.75,
                    4
                  ],
                  "uv_size": [
                    -0.75,
                    -1
                  ]
                }
              }
            },
            {
              "origin": [
                -1.5,
                0.25,
                4
              ],
              "size": [
                0.7,
                0.75,
                1
              ],
              "uv": {
                "north": {
                  "uv": [
                    0,
                    0
                  ],
                  "uv_size": [
                    0.7,
                    1
                  ]
                },
                "east": {
                  "uv": [
                    0,
                    0
                  ],
                  "uv_size": [
                    1,
                    1
                  ]
                },
                "south": {
                  "uv": [
                    0,
                    0
                  ],
                  "uv_size": [
                    0.7,
                    1
                  ]
                },
                "west": {
                  "uv": [
                    0,
                    0
                  ],
                  "uv_size": [
                    1,
                    1
                  ]
                },
                "up": {
                  "uv": [
                    5.7,
                    9
                  ],
                  "uv_size": [
                    -0.7,
                    -1
                  ]
                },
                "down": {
                  "uv": [
                    9.7,
                    6
                  ],
                  "uv_size": [
                    -0.7,
                    -1
                  ]
                }
              }
            },
            {
              "origin": [
                -0.8,
                0.25,
                5.05
              ],
              "size": [
                1.6,
                0.75,
                0.65
              ],
              "uv": {
                "north": {
                  "uv": [
                    0,
                    0
                  ],
                  "uv_size": [
                    1.6,
                    1
                  ]
                },
                "east": {
                  "uv": [
                    0,
                    0
                  ],
                  "uv_size": [
                    0.65,
                    1
                  ]
                },
                "south": {
                  "uv": [
                    0,
                    0
                  ],
                  "uv_size": [
                    1.6,
                    1
                  ]
                },
                "west": {
                  "uv": [
                    0,
                    0
                  ],
                  "uv_size": [
                    0.65,
                    1
                  ]
                },
                "up": {
                  "uv": [
                    7.6,
                    8.649
                  ],
                  "uv_size": [
                    -1.6,
                    -0.649
                  ]
                },
                "down": {
                  "uv": [
                    6.6,
                    4.649
                  ],
                  "uv_size": [
                    -1.6,
                    -0.649
                  ]
                }
              }
            },
            {
              "origin": [
                5.37401,
                0.25,
                -2.62132
              ],
              "size": [
                0.5,
                0.75,
                1
              ],
              "pivot": [
                0,
                0,
                0
              ],
              "rotation": [
                0,
                45,
                0
              ],
              "uv": {
                "north": {
                  "uv": [
                    0,
                    0
                  ],
                  "uv_size": [
                    0.5,
                    1
                  ]
                },
                "east": {
                  "uv": [
                    0,
                    0
                  ],
                  "uv_size": [
                    1,
                    1
                  ]
                },
                "south": {
                  "uv": [
                    0,
                    0
                  ],
                  "uv_size": [
                    0.5,
                    1
                  ]
                },
                "west": {
                  "uv": [
                    0,
                    0
                  ],
                  "uv_size": [
                    1,
                    1
                  ]
                },
                "up": {
                  "uv": [
                    10.5,
                    9
                  ],
                  "uv_size": [
                    -0.5,
                    -1
                  ]
                },
                "down": {
                  "uv": [
                    7.5,
                    6
                  ],
                  "uv_size": [
                    -0.5,
                    -1
                  ]
                }
              }
            },
            {
              "origin": [
                -0.28787,
                0.25,
                3.04056
              ],
              "size": [
                1,
                0.75,
                0.5
              ],
              "pivot": [
                0,
                0,
                0
              ],
              "rotation": [
                0,
                45,
                0
              ],
              "uv": {
                "north": {
                  "uv": [
                    0,
                    0
                  ],
                  "uv_size": [
                    1,
                    1
                  ]
                },
                "east": {
                  "uv": [
                    0,
                    0
                  ],
                  "uv_size": [
                    0.5,
                    1
                  ]
                },
                "south": {
                  "uv": [
                    0,
                    0
                  ],
                  "uv_size": [
                    1,
                    1
                  ]
                },
                "west": {
                  "uv": [
                    0,
                    0
                  ],
                  "uv_size": [
                    0.5,
                    1
                  ]
                },
                "up": {
                  "uv": [
                    7,
                    7.5
                  ],
                  "uv_size": [
                    -1,
                    -0.5
                  ]
                },
                "down": {
                  "uv": [
                    6,
                    4.5
                  ],
                  "uv_size": [
                    -1,
                    -0.5
                  ]
                }
              }
            },
            {
              "origin": [
                -3.46985,
                0.25,
                4.10122
              ],
              "size": [
                1,
                0.75,
                0.5
              ],
              "pivot": [
                0,
                0,
                0
              ],
              "rotation": [
                0,
                45,
                0
              ],
              "uv": {
                "north": {
                  "uv": [
                    0,
                    0
                  ],
                  "uv_size": [
                    1,
                    1
                  ]
                },
                "east": {
                  "uv": [
                    0,
                    0
                  ],
                  "uv_size": [
                    0.5,
                    1
                  ]
                },
                "south": {
                  "uv": [
                    0,
                    0
                  ],
                  "uv_size": [
                    1,
                    1
                  ]
                },
                "west": {
                  "uv": [
                    0,
                    0
                  ],
                  "uv_size": [
                    0.5,
                    1
                  ]
                },
                "up": {
                  "uv": [
                    6,
                    6.5
                  ],
                  "uv_size": [
                    -1,
                    -0.5
                  ]
                },
                "down": {
                  "uv": [
                    8,
                    9.5
                  ],
                  "uv_size": [
                    -1,
                    -0.5
                  ]
                }
              }
            },
            {
              "origin": [
                -2.26274,
                0.25,
                2.89411
              ],
              "size": [
                0.5,
                0.75,
                1
              ],
              "pivot": [
                0,
                0,
                0
              ],
              "rotation": [
                0,
                45,
                0
              ],
              "uv": {
                "north": {
                  "uv": [
                    0,
                    0
                  ],
                  "uv_size": [
                    0.5,
                    1
                  ]
                },
                "east": {
                  "uv": [
                    0,
                    0
                  ],
                  "uv_size": [
                    1,
                    1
                  ]
                },
                "south": {
                  "uv": [
                    0,
                    0
                  ],
                  "uv_size": [
                    0.5,
                    1
                  ]
                },
                "west": {
                  "uv": [
                    0,
                    0
                  ],
                  "uv_size": [
                    1,
                    1
                  ]
                },
                "up": {
                  "uv": [
                    8.5,
                    6
                  ],
                  "uv_size": [
                    -0.5,
                    -1
                  ]
                },
                "down": {
                  "uv": [
                    7.5,
                    6
                  ],
                  "uv_size": [
                    -0.5,
                    -1
                  ]
                }
              }
            },
            {
              "origin": [
                -3.54056,
                0.25,
                -0.71213
              ],
              "size": [
                0.5,
                0.75,
                1
              ],
              "pivot": [
                0,
                0,
                0
              ],
              "rotation": [
                0,
                45,
                0
              ],
              "uv": {
                "north": {
                  "uv": [
                    0,
                    0
                  ],
                  "uv_size": [
                    0.5,
                    1
                  ]
                },
                "east": {
                  "uv": [
                    5,
                    4
                  ],
                  "uv_size": [
                    1,
                    1
                  ]
                },
                "south": {
                  "uv": [
                    0,
                    0
                  ],
                  "uv_size": [
                    0.5,
                    1
                  ]
                },
                "west": {
                  "uv": [
                    0,
                    0
                  ],
                  "uv_size": [
                    1,
                    1
                  ]
                },
                "up": {
                  "uv": [
                    7.5,
                    8
                  ],
                  "uv_size": [
                    -0.5,
                    -1
                  ]
                },
                "down": {
                  "uv": [
                    4.5,
                    6
                  ],
                  "uv_size": [
                    -0.5,
                    -1
                  ]
                }
              }
            },
            {
              "origin": [
                -4.60122,
                0.25,
                2.46985
              ],
              "size": [
                0.5,
                0.75,
                1
              ],
              "pivot": [
                0,
                0,
                0
              ],
              "rotation": [
                0,
                45,
                0
              ],
              "uv": {
                "north": {
                  "uv": [
                    0,
                    0
                  ],
                  "uv_size": [
                    0.5,
                    1
                  ]
                },
                "east": {
                  "uv": [
                    0,
                    0
                  ],
                  "uv_size": [
                    1,
                    1
                  ]
                },
                "south": {
                  "uv": [
                    0,
                    0
                  ],
                  "uv_size": [
                    0.5,
                    1
                  ]
                },
                "west": {
                  "uv": [
                    0,
                    0
                  ],
                  "uv_size": [
                    1,
                    1
                  ]
                },
                "up": {
                  "uv": [
                    6.5,
                    8
                  ],
                  "uv_size": [
                    -0.5,
                    -1
                  ]
                },
                "down": {
                  "uv": [
                    5.5,
                    4
                  ],
                  "uv_size": [
                    -0.5,
                    -1
                  ]
                }
              }
            },
            {
              "origin": [
                -3.89411,
                0.25,
                1.76274
              ],
              "size": [
                1,
                0.75,
                0.5
              ],
              "pivot": [
                0,
                0,
                0
              ],
              "rotation": [
                0,
                45,
                0
              ],
              "uv": {
                "north": {
                  "uv": [
                    0,
                    0
                  ],
                  "uv_size": [
                    1,
                    1
                  ]
                },
                "east": {
                  "uv": [
                    0,
                    0
                  ],
                  "uv_size": [
                    0.5,
                    1
                  ]
                },
                "south": {
                  "uv": [
                    0,
                    0
                  ],
                  "uv_size": [
                    1,
                    1
                  ]
                },
                "west": {
                  "uv": [
                    0,
                    0
                  ],
                  "uv_size": [
                    0.5,
                    1
                  ]
                },
                "up": {
                  "uv": [
                    4,
                    6.5
                  ],
                  "uv_size": [
                    -1,
                    -0.5
                  ]
                },
                "down": {
                  "uv": [
                    6,
                    2.5
                  ],
                  "uv_size": [
                    -1,
                    -0.5
                  ]
                }
              }
            },
            {
              "origin": [
                1.62132,
                0.25,
                -5.87401
              ],
              "size": [
                1,
                0.75,
                0.5
              ],
              "pivot": [
                0,
                0,
                0
              ],
              "rotation": [
                0,
                45,
                0
              ],
              "uv": {
                "north": {
                  "uv": [
                    0,
                    0
                  ],
                  "uv_size": [
                    1,
                    1
                  ]
                },
                "east": {
                  "uv": [
                    0,
                    0
                  ],
                  "uv_size": [
                    0.5,
                    1
                  ]
                },
                "south": {
                  "uv": [
                    0,
                    0
                  ],
                  "uv_size": [
                    1,
                    1
                  ]
                },
                "west": {
                  "uv": [
                    0,
                    0
                  ],
                  "uv_size": [
                    0.5,
                    1
                  ]
                },
                "up": {
                  "uv": [
                    4,
                    5.5
                  ],
                  "uv_size": [
                    -1,
                    -0.5
                  ]
                },
                "down": {
                  "uv": [
                    5,
                    5.5
                  ],
                  "uv_size": [
                    -1,
                    -0.5
                  ]
                }
              }
            },
            {
              "origin": [
                -2.3,
                0.25,
                -6
              ],
              "size": [
                4.6,
                0.75,
                0.7
              ],
              "uv": {
                "north": {
                  "uv": [
                    0,
                    0
                  ],
                  "uv_size": [
                    4.6,
                    1
                  ]
                },
                "east": {
                  "uv": [
                    0,
                    0
                  ],
                  "uv_size": [
                    0.7,
                    1
                  ]
                },
                "south": {
                  "uv": [
                    0,
                    0
                  ],
                  "uv_size": [
                    4.6,
                    1
                  ]
                },
                "west": {
                  "uv": [
                    0,
                    0
                  ],
                  "uv_size": [
                    0.7,
                    1
                  ]
                },
                "up": {
                  "uv": [
                    6.7,
                    8.6
                  ],
                  "uv_size": [
                    -0.7,
                    -4.6
                  ]
                },
                "down": {
                  "uv": [
                    3.7,
                    8.6
                  ],
                  "uv_size": [
                    -0.7,
                    -4.6
                  ]
                }
              }
            },
            {
              "origin": [
                -2.3,
                0.25,
                2
              ],
              "size": [
                4.6,
                0.75,
                0.7
              ],
              "uv": {
                "north": {
                  "uv": [
                    0,
                    0
                  ],
                  "uv_size": [
                    4.6,
                    1
                  ]
                },
                "east": {
                  "uv": [
                    0,
                    0
                  ],
                  "uv_size": [
                    0.7,
                    1
                  ]
                },
                "south": {
                  "uv": [
                    0,
                    0
                  ],
                  "uv_size": [
                    4.6,
                    1
                  ]
                },
                "west": {
                  "uv": [
                    0,
                    0
                  ],
                  "uv_size": [
                    0.7,
                    1
                  ]
                },
                "up": {
                  "uv": [
                    10.7,
                    13.6
                  ],
                  "uv_size": [
                    -0.7,
                    -4.6
                  ]
                },
                "down": {
                  "uv": [
                    6.7,
                    7.6
                  ],
                  "uv_size": [
                    -0.7,
                    -4.6
                  ]
                }
              }
            }
          ]
        },
        {
          "name": "cloth",
          "pivot": [
            -8,
            8,
            8
          ],
          "cubes": [
            {
              "origin": [
                -1.2,
                1,
                -6.1
              ],
              "size": [
                4,
                0.1,
                4
              ],
              "uv": {
                "north": {
                  "uv": [
                    29.5,
                    29.5
                  ],
                  "uv_size": [
                    2.5,
                    2.5
                  ]
                },
                "east": {
                  "uv": [
                    29.5,
                    29.5
                  ],
                  "uv_size": [
                    2.5,
                    2.5
                  ]
                },
                "south": {
                  "uv": [
                    29.5,
                    29.5
                  ],
                  "uv_size": [
                    2.5,
                    2.5
                  ]
                },
                "west": {
                  "uv": [
                    29.5,
                    29.5
                  ],
                  "uv_size": [
                    2.5,
                    2.5
                  ]
                },
                "up": {
                  "uv": [
                    16,
                    32
                  ],
                  "uv_size": [
                    -16,
                    -16
                  ]
                },
                "down": {
                  "uv": [
                    32,
                    32
                  ],
                  "uv_size": [
                    -2.5,
                    -2.5
                  ]
                }
              }
            }
          ]
        },
        {
          "name": "knife",
          "pivot": [
            -8,
            8,
            8
          ],
          "cubes": [
            {
              "origin": [
                0.76696,
                1,
                -2.49343
              ],
              "size": [
                0.5,
                0.25,
                0.3
              ],
              "pivot": [
                0,
                0,
                0
              ],
              "rotation": [
                0,
                -22.5,
                0
              ],
              "uv": {
                "north": {
                  "uv": [
                    16,
                    0
                  ],
                  "uv_size": [
                    0.5,
                    0.25
                  ]
                },
                "east": {
                  "uv": [
                    16,
                    0
                  ],
                  "uv_size": [
                    0.3,
                    0.25
                  ]
                },
                "south": {
                  "uv": [
                    16,
                    0
                  ],
                  "uv_size": [
                    0.5,
                    0.25
                  ]
                },
                "west": {
                  "uv": [
                    16,
                    0
                  ],
                  "uv_size": [
                    0.3,
                    0.25
                  ]
                },
                "up": {
                  "uv": [
                    16.5,
                    0.3
                  ],
                  "uv_size": [
                    -0.5,
                    -0.3
                  ]
                },
                "down": {
                  "uv": [
                    16.5,
                    0.3
                  ],
                  "uv_size": [
                    -0.5,
                    -0.3
                  ]
                }
              }
            },
            {
              "origin": [
                -2.53304,
                1,
                -2.49343
              ],
              "size": [
                3.3,
                0.25,
                0.4
              ],
              "pivot": [
                0,
                0,
                0
              ],
              "rotation": [
                0,
                -22.5,
                0
              ],
              "uv": {
                "north": {
                  "uv": [
                    16,
                    0
                  ],
                  "uv_size": [
                    3.3,
                    0.25
                  ]
                },
                "east": {
                  "uv": [
                    16,
                    0
                  ],
                  "uv_size": [
                    0.4,
                    0.25
                  ]
                },
                "south": {
                  "uv": [
                    16,
                    0
                  ],
                  "uv_size": [
                    3.3,
                    0.25
                  ]
                },
                "west": {
                  "uv": [
                    16,
                    0
                  ],
                  "uv_size": [
                    0.4,
                    0.25
                  ]
                },
                "up": {
                  "uv": [
                    19.3,
                    0.4
                  ],
                  "uv_size": [
                    -3.3,
                    -0.4
                  ]
                },
                "down": {
                  "uv": [
                    19.3,
                    0.4
                  ],
                  "uv_size": [
                    -3.3,
                    -0.4
                  ]
                }
              }
            },
            {
              "origin": [
                -2.53304,
                1,
                -3.09343
              ],
              "size": [
                4,
                0.25,
                0.6
              ],
              "pivot": [
                0,
                0,
                0
              ],
              "rotation": [
                0,
                -22.5,
                0
              ],
              "uv": {
                "north": {
                  "uv": [
                    16,
                    0
                  ],
                  "uv_size": [
                    0.6,
                    0.25
                  ]
                },
                "east": {
                  "uv": [
                    16,
                    0
                  ],
                  "uv_size": [
                    4,
                    0.25
                  ]
                },
                "south": {
                  "uv": [
                    16,
                    0
                  ],
                  "uv_size": [
                    0.6,
                    0.25
                  ]
                },
                "west": {
                  "uv": [
                    16,
                    0
                  ],
                  "uv_size": [
                    4,
                    0.25
                  ]
                },
                "up": {
                  "uv": [
                    17,
                    7.6
                  ],
                  "uv_size": [
                    -1,
                    -6.6
                  ]
                },
                "down": {
                  "uv": [
                    20,
                    0.6
                  ],
                  "uv_size": [
                    -4,
                    -0.6
                  ]
                }
              }
            },
            {
              "origin": [
                -3.48304,
                1,
                -3.09343
              ],
              "size": [
                0.95,
                0.25,
                0.6
              ],
              "pivot": [
                0,
                0,
                0
              ],
              "rotation": [
                0,
                -22.5,
                0
              ],
              "uv": {
                "north": {
                  "uv": [
                    32,
                    0
                  ],
                  "uv_size": [
                    0.95,
                    0.25
                  ]
                },
                "east": {
                  "uv": [
                    32,
                    0
                  ],
                  "uv_size": [
                    0.6,
                    0.25
                  ]
                },
                "south": {
                  "uv": [
                    32,
                    0
                  ],
                  "uv_size": [
                    0.95,
                    0.25
                  ]
                },
                "west": {
                  "uv": [
                    32,
                    0
                  ],
                  "uv_size": [
                    0.6,
                    0.25
                  ]
                },
                "up": {
                  "uv": [
                    32.95,
                    0.6
                  ],
                  "uv_size": [
                    -0.95,
                    -0.6
                  ]
                },
                "down": {
                  "uv": [
                    32.95,
                    0.6
                  ],
                  "uv_size": [
                    -0.95,
                    -0.6
                  ]
                }
              }
            },
            {
              "origin": [
                -3.45804,
                1.005,
                -2.84343
              ],
              "size": [
                0.125,
                0.25,
                0.125
              ],
              "pivot": [
                0,
                0,
                0
              ],
              "rotation": [
                0,
                -22.5,
                0
              ],
              "uv": {
                "north": {
                  "uv": [
                    0,
                    16
                  ],
                  "uv_size": [
                    0.25,
                    0.25
                  ]
                },
                "east": {
                  "uv": [
                    0,
                    16
                  ],
                  "uv_size": [
                    0.25,
                    0.25
                  ]
                },
                "south": {
                  "uv": [
                    0,
                    16
                  ],
                  "uv_size": [
                    0.25,
                    0.25
                  ]
                },
                "west": {
                  "uv": [
                    0,
                    16
                  ],
                  "uv_size": [
                    0.25,
                    0.25
                  ]
                },
                "up": {
                  "uv": [
                    5.25,
                    19.25
                  ],
                  "uv_size": [
                    -0.25,
                    -0.25
                  ]
                },
                "down": {
                  "uv": [
                    0.25,
                    16.25
                  ],
                  "uv_size": [
                    -0.25,
                    -0.25
                  ]
                }
              }
            },
            {
              "origin": [
                -2.95804,
                1.005,
                -2.84343
              ],
              "size": [
                0.125,
                0.25,
                0.125
              ],
              "pivot": [
                0,
                0,
                0
              ],
              "rotation": [
                0,
                -22.5,
                0
              ],
              "uv": {
                "north": {
                  "uv": [
                    0,
                    16
                  ],
                  "uv_size": [
                    0.25,
                    0.25
                  ]
                },
                "east": {
                  "uv": [
                    0,
                    16
                  ],
                  "uv_size": [
                    0.25,
                    0.25
                  ]
                },
                "south": {
                  "uv": [
                    0,
                    16
                  ],
                  "uv_size": [
                    0.25,
                    0.25
                  ]
                },
                "west": {
                  "uv": [
                    0,
                    16
                  ],
                  "uv_size": [
                    0.25,
                    0.25
                  ]
                },
                "up": {
                  "uv": [
                    5.25,
                    19.25
                  ],
                  "uv_size": [
                    -0.25,
                    -0.25
                  ]
                },
                "down": {
                  "uv": [
                    0.25,
                    16.25
                  ],
                  "uv_size": [
                    -0.25,
                    -0.25
                  ]
                }
              }
            },
            {
              "origin": [
                -3.98304,
                1,
                -3.09343
              ],
              "size": [
                0.5,
                0.25,
                0.7
              ],
              "pivot": [
                0,
                0,
                0
              ],
              "rotation": [
                0,
                -22.5,
                0
              ],
              "uv": {
                "north": {
                  "uv": [
                    32,
                    0
                  ],
                  "uv_size": [
                    0.5,
                    0.25
                  ]
                },
                "east": {
                  "uv": [
                    32,
                    0
                  ],
                  "uv_size": [
                    0.7,
                    0.25
                  ]
                },
                "south": {
                  "uv": [
                    32,
                    0
                  ],
                  "uv_size": [
                    0.5,
                    0.25
                  ]
                },
                "west": {
                  "uv": [
                    32,
                    0
                  ],
                  "uv_size": [
                    0.7,
                    0.25
                  ]
                },
                "up": {
                  "uv": [
                    32.5,
                    0.7
                  ],
                  "uv_size": [
                    -0.5,
                    -0.7
                  ]
                },
                "down": {
                  "uv": [
                    32.5,
                    0.7
                  ],
                  "uv_size": [
                    -0.5,
                    -0.7
                  ]
                }
              }
            }
          ]
        }
      ]
    }
  ]
}