{
  "format_version": "1.12.0",
  "minecraft:geometry": [
    {
      "description": {
        "identifier": "geometry.pa_cashier",
        "texture_width": 1280,
        "texture_height": 640,
        "visible_bounds_width": 2,
        "visible_bounds_height": 2.5,
        "visible_bounds_offset": [
          0,
          0.75,
          0
        ]
      },
      "bones": [
        {
          "name": "bone",
          "pivot": [
            8,
            0,
            -8
          ],
          "cubes": [
            {
              "origin": [
                -5,
                0,
                -8
              ],
              "size": [
                13,
                11,
                7
              ],
              "uv": {
                "north": {
                  "uv": [
                    0,
                    0
                  ],
                  "uv_size": [
                    260,
                    220
                  ]
                },
                "east": {
                  "uv": [
                    260,
                    280
                  ],
                  "uv_size": [
                    140,
                    220
                  ]
                },
                "south": {
                  "uv": [
                    0,
                    220
                  ],
                  "uv_size": [
                    260,
                    220
                  ]
                },
                "west": {
                  "uv": [
                    400,
                    280
                  ],
                  "uv_size": [
                    140,
                    220
                  ]
                },
                "up": {
                  "uv": [
                    260,
                    0
                  ],
                  "uv_size": [
                    260,
                    140
                  ]
                },
                "down": {
                  "uv": [
                    260,
                    280
                  ],
                  "uv_size": [
                    260,
                    -140
                  ]
                }
              }
            },
            {
              "origin": [
                -5,
                2.12132,
                -13.43503
              ],
              "size": [
                13,
                9,
                3
              ],
              "pivot": [
                0,
                0,
                0
              ],
              "rotation": [
                -45,
                0,
                0
              ],
              "uv": {
                "north": {
                  "uv": [
                    640,
                    0
                  ],
                  "uv_size": [
                    539,
                    144
                  ]
                },
                "east": {
                  "uv": [
                    640,
                    0
                  ],
                  "uv_size": [
                    26,
                    369
                  ]
                },
                "south": {
                  "uv": [
                    640,
                    0
                  ],
                  "uv_size": [
                    520,
                    134
                  ]
                },
                "west": {
                  "uv": [
                    640,
                    0
                  ],
                  "uv_size": [
                    22,
                    360
                  ]
                },
                "up": {
                  "uv": [
                    1160,
                    120
                  ],
                  "uv_size": [
                    -520,
                    -120
                  ]
                },
                "down": {
                  "uv": [
                    1160,
                    120
                  ],
                  "uv_size": [
                    -520,
                    -120
                  ]
                }
              }
            },
            {
              "origin": [
                -5,
                5.74664,
                -0.71216
              ],
              "size": [
                13,
                12,
                2
              ],
              "uv": {
                "north": {
                  "uv": [
                    640,
                    0
                  ],
                  "uv_size": [
                    520,
                    140
                  ]
                },
                "east": {
                  "uv": [
                    640,
                    0
                  ],
                  "uv_size": [
                    80,
                    103
                  ]
                },
                "south": {
                  "uv": [
                    848,
                    490
                  ],
                  "uv_size": [
                    122,
                    68
                  ]
                },
                "west": {
                  "uv": [
                    640,
                    0
                  ],
                  "uv_size": [
                    30,
                    493
                  ]
                },
                "up": {
                  "uv": [
                    1160,
                    80
                  ],
                  "uv_size": [
                    -520,
                    -80
                  ]
                },
                "down": {
                  "uv": [
                    1160,
                    80
                  ],
                  "uv_size": [
                    -520,
                    -80
                  ]
                }
              }
            },
            {
              "origin": [
                -5,
                12.66829,
                5.1334
              ],
              "size": [
                13,
                4,
                1
              ],
              "pivot": [
                0,
                0,
                0
              ],
              "rotation": [
                22.5,
                0,
                0
              ],
              "uv": {
                "north": {
                  "uv": [
                    640,
                    0
                  ],
                  "uv_size": [
                    13,
                    4
                  ]
                },
                "east": {
                  "uv": [
                    640,
                    0
                  ],
                  "uv_size": [
                    1,
                    4
                  ]
                },
                "south": {
                  "uv": [
                    640,
                    0
                  ],
                  "uv_size": [
                    13,
                    4
                  ]
                },
                "west": {
                  "uv": [
                    640,
                    0
                  ],
                  "uv_size": [
                    1,
                    4
                  ]
                },
                "up": {
                  "uv": [
                    653,
                    1
                  ],
                  "uv_size": [
                    -13,
                    -1
                  ]
                },
                "down": {
                  "uv": [
                    653,
                    1
                  ],
                  "uv_size": [
                    -13,
                    -1
                  ]
                }
              }
            },
            {
              "origin": [
                -5,
                11,
                -4
              ],
              "size": [
                13,
                3,
                4
              ],
              "uv": {
                "north": {
                  "uv": [
                    640,
                    0
                  ],
                  "uv_size": [
                    13,
                    3
                  ]
                },
                "east": {
                  "uv": [
                    640,
                    0
                  ],
                  "uv_size": [
                    4,
                    3
                  ]
                },
                "south": {
                  "uv": [
                    640,
                    0
                  ],
                  "uv_size": [
                    13,
                    3
                  ]
                },
                "west": {
                  "uv": [
                    640,
                    0
                  ],
                  "uv_size": [
                    4,
                    3
                  ]
                },
                "up": {
                  "uv": [
                    653,
                    4
                  ],
                  "uv_size": [
                    -13,
                    -4
                  ]
                },
                "down": {
                  "uv": [
                    653,
                    4
                  ],
                  "uv_size": [
                    -13,
                    -4
                  ]
                }
              }
            },
            {
              "origin": [
                -8,
                0,
                1
              ],
              "size": [
                16,
                1,
                7
              ],
              "uv": {
                "north": {
                  "uv": [
                    640,
                    0
                  ],
                  "uv_size": [
                    640,
                    40
                  ]
                },
                "east": {
                  "uv": [
                    640,
                    0
                  ],
                  "uv_size": [
                    280,
                    40
                  ]
                },
                "south": {
                  "uv": [
                    640,
                    0
                  ],
                  "uv_size": [
                    640,
                    40
                  ]
                },
                "west": {
                  "uv": [
                    640,
                    0
                  ],
                  "uv_size": [
                    280,
                    40
                  ]
                },
                "up": {
                  "uv": [
                    1280,
                    434
                  ],
                  "uv_size": [
                    -640,
                    -280
                  ]
                },
                "down": {
                  "uv": [
                    813,
                    125
                  ],
                  "uv_size": [
                    -173,
                    -125
                  ]
                }
              }
            }
          ]
        }
      ]
    }
  ]
}