{
  "format_version": "1.12.0",
  "minecraft:geometry": [
    {
      "description": {
        "identifier": "geometry.pa_cake",
        "texture_width": 32,
        "texture_height": 16,
        "visible_bounds_width": 2,
        "visible_bounds_height": 1.5,
        "visible_bounds_offset": [
          0,
          0.25,
          0
        ]
      },
      "bones": [
        {
          "name": "bone",
          "pivot": [
            8,
            0,
            -8
          ],
          "cubes": [
            {
              "origin": [
                -5.6,
                0,
                -2.31959
              ],
              "size": [
                11.2,
                1,
                4.63918
              ],
              "pivot": [
                0,
                0,
                0
              ],
              "rotation": [
                0,
                22.5,
                0
              ],
              "uv": {
                "east": {
                  "uv": [
                    21,
                    1
                  ],
                  "uv_size": [
                    5.79899,
                    1
                  ]
                },
                "west": {
                  "uv": [
                    21,
                    1
                  ],
                  "uv_size": [
                    5.79899,
                    1
                  ]
                },
                "up": {
                  "uv": [
                    29,
                    14.5
                  ],
                  "uv_size": [
                    -6,
                    -13.5
                  ]
                },
                "down": {
                  "uv": [
                    29,
                    14.5
                  ],
                  "uv_size": [
                    -6,
                    -13.5
                  ]
                }
              }
            },
            {
              "origin": [
                -2.31959,
                0.008,
                -5.6
              ],
              "size": [
                4.63918,
                1,
                11.2
              ],
              "pivot": [
                0,
                0,
                0
              ],
              "rotation": [
                0,
                -22.5,
                0
              ],
              "uv": {
                "north": {
                  "uv": [
                    26,
                    1
                  ],
                  "uv_size": [
                    5.79899,
                    1
                  ]
                },
                "south": {
                  "uv": [
                    26,
                    1
                  ],
                  "uv_size": [
                    5.79899,
                    1
                  ]
                },
                "up": {
                  "uv": [
                    29,
                    14.5
                  ],
                  "uv_size": [
                    -6,
                    -13.5
                  ]
                },
                "down": {
                  "uv": [
                    29,
                    14.5
                  ],
                  "uv_size": [
                    -6,
                    -13.5
                  ]
                }
              }
            },
            {
              "origin": [
                -2.31959,
                0,
                -5.6
              ],
              "size": [
                4.63918,
                1,
                11.2
              ],
              "pivot": [
                0,
                0,
                0
              ],
              "rotation": [
                0,
                22.5,
                0
              ],
              "uv": {
                "north": {
                  "uv": [
                    22,
                    1
                  ],
                  "uv_size": [
                    5.79899,
                    1
                  ]
                },
                "south": {
                  "uv": [
                    26,
                    1
                  ],
                  "uv_size": [
                    5.79899,
                    1
                  ]
                },
                "up": {
                  "uv": [
                    29,
                    14.5
                  ],
                  "uv_size": [
                    -6,
                    -13.5
                  ]
                },
                "down": {
                  "uv": [
                    29,
                    14.5
                  ],
                  "uv_size": [
                    -6,
                    -13.5
                  ]
                }
              }
            },
            {
              "origin": [
                -5.6,
                0.008,
                -2.31959
              ],
              "size": [
                11.2,
                1,
                4.63918
              ],
              "pivot": [
                0,
                0,
                0
              ],
              "rotation": [
                0,
                -22.5,
                0
              ],
              "uv": {
                "east": {
                  "uv": [
                    26,
                    1
                  ],
                  "uv_size": [
                    5.79899,
                    1
                  ]
                },
                "west": {
                  "uv": [
                    26,
                    1
                  ],
                  "uv_size": [
                    5.79899,
                    1
                  ]
                },
                "up": {
                  "uv": [
                    29,
                    14.5
                  ],
                  "uv_size": [
                    -6,
                    -13.5
                  ]
                },
                "down": {
                  "uv": [
                    29,
                    14.5
                  ],
                  "uv_size": [
                    -6,
                    -13.5
                  ]
                }
              }
            },
            {
              "origin": [
                -4.8,
                1,
                -1.98822
              ],
              "size": [
                9.6,
                4.4,
                3.97644
              ],
              "pivot": [
                0,
                0,
                0
              ],
              "rotation": [
                0,
                22.5,
                0
              ],
              "uv": {
                "east": {
                  "uv": [
                    5.5,
                    10.5
                  ],
                  "uv_size": [
                    4.97056,
                    5.5
                  ]
                },
                "west": {
                  "uv": [
                    10,
                    10.5
                  ],
                  "uv_size": [
                    4.97056,
                    5.5
                  ]
                },
                "up": {
                  "uv": [
                    12.5,
                    4.97056
                  ],
                  "uv_size": [
                    -12,
                    -4.97056
                  ]
                }
              }
            },
            {
              "origin": [
                -1.98822,
                0.96,
                -4.8
              ],
              "size": [
                3.97644,
                4.4,
                9.6
              ],
              "pivot": [
                0,
                0,
                0
              ],
              "rotation": [
                0,
                -22.5,
                0
              ],
              "uv": {
                "north": {
                  "uv": [
                    5,
                    10.5
                  ],
                  "uv_size": [
                    4.97056,
                    5.5
                  ]
                },
                "south": {
                  "uv": [
                    0,
                    10.5
                  ],
                  "uv_size": [
                    4.97056,
                    5.5
                  ]
                },
                "up": {
                  "uv": [
                    12.5,
                    4.97056
                  ],
                  "uv_size": [
                    -12,
                    -4.97056
                  ]
                }
              }
            },
            {
              "origin": [
                -1.98822,
                0.992,
                -4.8
              ],
              "size": [
                3.97644,
                4.4,
                9.6
              ],
              "pivot": [
                0,
                0,
                0
              ],
              "rotation": [
                0,
                22.5,
                0
              ],
              "uv": {
                "north": {
                  "uv": [
                    0,
                    10.5
                  ],
                  "uv_size": [
                    4.97056,
                    5.5
                  ]
                },
                "south": {
                  "uv": [
                    6.5,
                    10.5
                  ],
                  "uv_size": [
                    4.97056,
                    5.5
                  ]
                },
                "up": {
                  "uv": [
                    12.5,
                    4.97056
                  ],
                  "uv_size": [
                    -12,
                    -4.97056
                  ]
                }
              }
            },
            {
              "origin": [
                -4.8,
                0.96,
                -1.98822
              ],
              "size": [
                9.6,
                4.4,
                3.97644
              ],
              "pivot": [
                0,
                0,
                0
              ],
              "rotation": [
                0,
                -22.5,
                0
              ],
              "uv": {
                "east": {
                  "uv": [
                    10.5,
                    10.5
                  ],
                  "uv_size": [
                    4.97056,
                    5.5
                  ]
                },
                "west": {
                  "uv": [
                    1.5,
                    10.5
                  ],
                  "uv_size": [
                    4.97056,
                    5.5
                  ]
                },
                "up": {
                  "uv": [
                    12.5,
                    4.97056
                  ],
                  "uv_size": [
                    -12,
                    -4.97056
                  ]
                }
              }
            },
            {
              "origin": [
                -2.8,
                4.84764,
                -2.37473
              ],
              "size": [
                5.6,
                2.4,
                0.4
              ],
              "pivot": [
                0,
                0,
                0
              ],
              "rotation": [
                -22.5,
                0,
                0
              ],
              "uv": {
                "north": {
                  "uv": [
                    0,
                    6.5
                  ],
                  "uv_size": [
                    7,
                    3
                  ]
                },
                "east": {
                  "uv": [
                    7,
                    6.5
                  ],
                  "uv_size": [
                    0.5,
                    3
                  ]
                },
                "south": {
                  "uv": [
                    0,
                    6.5
                  ],
                  "uv_size": [
                    7,
                    3
                  ]
                },
                "west": {
                  "uv": [
                    7,
                    6.5
                  ],
                  "uv_size": [
                    0.5,
                    3
                  ]
                },
                "up": {
                  "uv": [
                    7,
                    7
                  ],
                  "uv_size": [
                    -7,
                    -0.5
                  ]
                },
                "down": {
                  "uv": [
                    7,
                    7
                  ],
                  "uv_size": [
                    -7,
                    -0.5
                  ]
                }
              }
            },
            {
              "origin": [
                -3.2,
                5,
                -2.8
              ],
              "size": [
                0,
                2,
                6
              ],
              "pivot": [
                0,
                0,
                0
              ],
              "rotation": [
                0,
                22.5,
                0
              ],
              "uv": {
                "east": {
                  "uv": [
                    8,
                    7
                  ],
                  "uv_size": [
                    7.5,
                    2.5
                  ]
                },
                "west": {
                  "uv": [
                    8,
                    7
                  ],
                  "uv_size": [
                    7.5,
                    2.5
                  ]
                }
              }
            },
            {
              "origin": [
                3.2,
                5,
                -2.8
              ],
              "size": [
                0,
                2,
                6
              ],
              "pivot": [
                0,
                0,
                0
              ],
              "rotation": [
                0,
                22.5,
                0
              ],
              "uv": {
                "east": {
                  "uv": [
                    8,
                    7
                  ],
                  "uv_size": [
                    7.5,
                    2.5
                  ]
                },
                "west": {
                  "uv": [
                    8,
                    7
                  ],
                  "uv_size": [
                    7.5,
                    2.5
                  ]
                }
              }
            },
            {
              "origin": [
                -3,
                5,
                -2.99999
              ],
              "size": [
                6,
                2,
                0
              ],
              "pivot": [
                0,
                0,
                0
              ],
              "rotation": [
                0,
                22.5,
                0
              ],
              "uv": {
                "north": {
                  "uv": [
                    8,
                    7
                  ],
                  "uv_size": [
                    7.5,
                    2.5
                  ]
                },
                "south": {
                  "uv": [
                    8,
                    7
                  ],
                  "uv_size": [
                    7.5,
                    2.5
                  ]
                }
              }
            },
            {
              "origin": [
                -3,
                5,
                3.40001
              ],
              "size": [
                6,
                2,
                0
              ],
              "pivot": [
                0,
                0,
                0
              ],
              "rotation": [
                0,
                22.5,
                0
              ],
              "uv": {
                "north": {
                  "uv": [
                    8,
                    7
                  ],
                  "uv_size": [
                    7.5,
                    2.5
                  ]
                },
                "south": {
                  "uv": [
                    8,
                    7
                  ],
                  "uv_size": [
                    7.5,
                    2.5
                  ]
                }
              }
            },
            {
              "origin": [
                -2.85857,
                5,
                3.34142
              ],
              "size": [
                6,
                2,
                0
              ],
              "pivot": [
                0,
                0,
                0
              ],
              "rotation": [
                0,
                -22.5,
                0
              ],
              "uv": {
                "north": {
                  "uv": [
                    8,
                    7
                  ],
                  "uv_size": [
                    7.5,
                    2.5
                  ]
                },
                "south": {
                  "uv": [
                    8,
                    7
                  ],
                  "uv_size": [
                    7.5,
                    2.5
                  ]
                }
              }
            },
            {
              "origin": [
                -2.85857,
                5,
                -3.05858
              ],
              "size": [
                6,
                2,
                0
              ],
              "pivot": [
                0,
                0,
                0
              ],
              "rotation": [
                0,
                -22.5,
                0
              ],
              "uv": {
                "north": {
                  "uv": [
                    8,
                    7
                  ],
                  "uv_size": [
                    7.5,
                    2.5
                  ]
                },
                "south": {
                  "uv": [
                    8,
                    7
                  ],
                  "uv_size": [
                    7.5,
                    2.5
                  ]
                }
              }
            },
            {
              "origin": [
                3.2,
                5,
                -2.8
              ],
              "size": [
                0,
                2,
                6
              ],
              "pivot": [
                0,
                0,
                0
              ],
              "rotation": [
                0,
                -22.5,
                0
              ],
              "uv": {
                "east": {
                  "uv": [
                    8,
                    7
                  ],
                  "uv_size": [
                    7.5,
                    2.5
                  ]
                },
                "west": {
                  "uv": [
                    8,
                    7
                  ],
                  "uv_size": [
                    7.5,
                    2.5
                  ]
                }
              }
            },
            {
              "origin": [
                -3.2,
                5,
                -2.8
              ],
              "size": [
                0,
                2,
                6
              ],
              "pivot": [
                0,
                0,
                0
              ],
              "rotation": [
                0,
                -22.5,
                0
              ],
              "uv": {
                "east": {
                  "uv": [
                    8,
                    7
                  ],
                  "uv_size": [
                    7.5,
                    2.5
                  ]
                },
                "west": {
                  "uv": [
                    8,
                    7
                  ],
                  "uv_size": [
                    7.5,
                    2.5
                  ]
                }
              }
            }
          ]
        }
      ]
    }
  ]
}