{
  "format_version": "1.12.0",
  "minecraft:geometry": [
    {
      "description": {
        "identifier": "geometry.pa_fridge",
        "texture_width": 128,
        "texture_height": 128,
        "visible_bounds_width": 3,
        "visible_bounds_height": 4,
        "visible_bounds_offset": [
          0,
          1,
          0
        ]
      },
      "bones": [
        {
          "name": "bone",
          "pivot": [
            8,
            0,
            0
          ],
          "cubes": [
            {
              "origin": [
                -8,
                0,
                -8
              ],
              "size": [
                16,
                30,
                16
              ],
              "uv": {
                "north": {
                  "uv": [
                    0,
                    28
                  ],
                  "uv_size": [
                    12,
                    27
                  ]
                },
                "east": {
                  "uv": [
                    12,
                    28
                  ],
                  "uv_size": [
                    16,
                    28
                  ]
                },
                "south": {
                  "uv": [
                    0,
                    0
                  ],
                  "uv_size": [
                    17,
                    28
                  ]
                },
                "west": {
                  "uv": [
                    17,
                    0
                  ],
                  "uv_size": [
                    15,
                    28
                  ]
                },
                "up": {
                  "uv": [
                    49,
                    13
                  ],
                  "uv_size": [
                    -17,
                    -13
                  ]
                },
                "down": {
                  "uv": [
                    28,
                    55
                  ],
                  "uv_size": [
                    15,
                    -12
                  ]
                }
              }
            }
          ]
        }
      ]
    }
  ]
}