{
  "format_version": "1.12.0",
  "minecraft:geometry": [
    {
      "description": {
        "identifier": "geometry.pa_headphone",
        "texture_width": 32,
        "texture_height": 16,
        "visible_bounds_width": 2,
        "visible_bounds_height": 2.5,
        "visible_bounds_offset": [
          0,
          0.75,
          0
        ]
      },
      "bones": [
        {
          "name": "group2",
          "pivot": [
            0,
            0,
            0
          ],
          "cubes": [
            {
              "origin": [
                -4.5,
                5,
                0.5
              ],
              "size": [
                0.5,
                3.5,
                1.5
              ],
              "uv": {
                "north": {
                  "uv": [
                    16,
                    0
                  ],
                  "uv_size": [
                    0.5,
                    3.5
                  ]
                },
                "east": {
                  "uv": [
                    16,
                    0
                  ],
                  "uv_size": [
                    1.5,
                    3.5
                  ]
                },
                "south": {
                  "uv": [
                    16,
                    0
                  ],
                  "uv_size": [
                    0.5,
                    3.5
                  ]
                },
                "west": {
                  "uv": [
                    16,
                    0
                  ],
                  "uv_size": [
                    1.5,
                    3.5
                  ]
                },
                "up": {
                  "uv": [
                    16.5,
                    1.5
                  ],
                  "uv_size": [
                    -0.5,
                    -1.5
                  ]
                },
                "down": {
                  "uv": [
                    16.5,
                    1.5
                  ],
                  "uv_size": [
                    -0.5,
                    -1.5
                  ]
                }
              }
            },
            {
              "origin": [
                4,
                5,
                0.5
              ],
              "size": [
                0.5,
                3.5,
                1.5
              ],
              "uv": {
                "north": {
                  "uv": [
                    16,
                    0
                  ],
                  "uv_size": [
                    0.5,
                    3.5
                  ]
                },
                "east": {
                  "uv": [
                    16,
                    0
                  ],
                  "uv_size": [
                    1.5,
                    3.5
                  ]
                },
                "south": {
                  "uv": [
                    16,
                    0
                  ],
                  "uv_size": [
                    0.5,
                    3.5
                  ]
                },
                "west": {
                  "uv": [
                    16,
                    0
                  ],
                  "uv_size": [
                    1.5,
                    3.5
                  ]
                },
                "up": {
                  "uv": [
                    16.5,
                    1.5
                  ],
                  "uv_size": [
                    -0.5,
                    -1.5
                  ]
                },
                "down": {
                  "uv": [
                    16.5,
                    1.5
                  ],
                  "uv_size": [
                    -0.5,
                    -1.5
                  ]
                }
              }
            },
            {
              "origin": [
                -4,
                8,
                0.5
              ],
              "size": [
                8,
                0.5,
                1.5
              ],
              "uv": {
                "north": {
                  "uv": [
                    16,
                    0
                  ],
                  "uv_size": [
                    8,
                    0.5
                  ]
                },
                "east": {
                  "uv": [
                    16,
                    0
                  ],
                  "uv_size": [
                    1.5,
                    0.5
                  ]
                },
                "south": {
                  "uv": [
                    16,
                    0
                  ],
                  "uv_size": [
                    8,
                    0.5
                  ]
                },
                "west": {
                  "uv": [
                    16,
                    0
                  ],
                  "uv_size": [
                    1.5,
                    0.5
                  ]
                },
                "up": {
                  "uv": [
                    24,
                    1.5
                  ],
                  "uv_size": [
                    -8,
                    -1.5
                  ]
                },
                "down": {
                  "uv": [
                    24,
                    1.5
                  ],
                  "uv_size": [
                    -8,
                    -1.5
                  ]
                }
              }
            },
            {
              "origin": [
                5.25323,
                0.5,
                -3.3086
              ],
              "size": [
                0.55,
                0.5,
                1
              ],
              "pivot": [
                0,
                0,
                0
              ],
              "rotation": [
                0,
                22.5,
                0
              ],
              "uv": {
                "north": {
                  "uv": [
                    16,
                    0
                  ],
                  "uv_size": [
                    0.55,
                    0.5
                  ]
                },
                "east": {
                  "uv": [
                    16,
                    0
                  ],
                  "uv_size": [
                    1,
                    0.5
                  ]
                },
                "south": {
                  "uv": [
                    16,
                    0
                  ],
                  "uv_size": [
                    0.55,
                    0.5
                  ]
                },
                "west": {
                  "uv": [
                    16,
                    0
                  ],
                  "uv_size": [
                    1,
                    0.5
                  ]
                },
                "up": {
                  "uv": [
                    16.55,
                    1
                  ],
                  "uv_size": [
                    -0.55,
                    -1
                  ]
                },
                "down": {
                  "uv": [
                    16.55,
                    1
                  ],
                  "uv_size": [
                    -0.55,
                    -1
                  ]
                }
              }
            }
          ]
        },
        {
          "name": "octagon2",
          "parent": "group2",
          "pivot": [
            -8,
            8,
            8
          ],
          "cubes": [
            {
              "origin": [
                3.75,
                2.17677,
                -3.23744
              ],
              "size": [
                2.25,
                1.65686,
                4
              ],
              "pivot": [
                0,
                0,
                0
              ],
              "rotation": [
                -45,
                0,
                0
              ],
              "uv": {
                "north": {
                  "uv": [
                    16,
                    0
                  ],
                  "uv_size": [
                    1,
                    1
                  ]
                },
                "east": {
                  "uv": [
                    16,
                    0
                  ],
                  "uv_size": [
                    1,
                    1
                  ]
                },
                "south": {
                  "uv": [
                    16,
                    0
                  ],
                  "uv_size": [
                    1,
                    1
                  ]
                },
                "west": {
                  "uv": [
                    16,
                    0
                  ],
                  "uv_size": [
                    1,
                    1
                  ]
                },
                "up": {
                  "uv": [
                    17,
                    1
                  ],
                  "uv_size": [
                    -1,
                    -1
                  ]
                },
                "down": {
                  "uv": [
                    17,
                    1
                  ],
                  "uv_size": [
                    -1,
                    -1
                  ]
                }
              }
            },
            {
              "origin": [
                3.75,
                2.17157,
                -0.75
              ],
              "size": [
                2.25,
                1.65686,
                4
              ],
              "uv": {
                "north": {
                  "uv": [
                    16,
                    0
                  ],
                  "uv_size": [
                    1,
                    1
                  ]
                },
                "east": {
                  "uv": [
                    16,
                    0
                  ],
                  "uv_size": [
                    1,
                    1
                  ]
                },
                "south": {
                  "uv": [
                    16,
                    0
                  ],
                  "uv_size": [
                    1,
                    1
                  ]
                },
                "west": {
                  "uv": [
                    16,
                    0
                  ],
                  "uv_size": [
                    1,
                    1
                  ]
                },
                "up": {
                  "uv": [
                    17,
                    1
                  ],
                  "uv_size": [
                    -1,
                    -1
                  ]
                },
                "down": {
                  "uv": [
                    17,
                    1
                  ],
                  "uv_size": [
                    -1,
                    -1
                  ]
                }
              }
            },
            {
              "origin": [
                3.75,
                1.0052,
                -2.06587
              ],
              "size": [
                2.25,
                4,
                1.65686
              ],
              "pivot": [
                0,
                0,
                0
              ],
              "rotation": [
                -45,
                0,
                0
              ],
              "uv": {
                "north": {
                  "uv": [
                    16,
                    0
                  ],
                  "uv_size": [
                    1,
                    1
                  ]
                },
                "east": {
                  "uv": [
                    16,
                    0
                  ],
                  "uv_size": [
                    1,
                    1
                  ]
                },
                "south": {
                  "uv": [
                    16,
                    0
                  ],
                  "uv_size": [
                    1,
                    1
                  ]
                },
                "west": {
                  "uv": [
                    16,
                    0
                  ],
                  "uv_size": [
                    1,
                    1
                  ]
                },
                "up": {
                  "uv": [
                    17,
                    1
                  ],
                  "uv_size": [
                    -1,
                    -1
                  ]
                },
                "down": {
                  "uv": [
                    17,
                    1
                  ],
                  "uv_size": [
                    -1,
                    -1
                  ]
                }
              }
            },
            {
              "origin": [
                3.75,
                1,
                0.42157
              ],
              "size": [
                2.25,
                4,
                1.65686
              ],
              "uv": {
                "north": {
                  "uv": [
                    16,
                    0
                  ],
                  "uv_size": [
                    1,
                    1
                  ]
                },
                "east": {
                  "uv": [
                    16,
                    0
                  ],
                  "uv_size": [
                    1,
                    1
                  ]
                },
                "south": {
                  "uv": [
                    16,
                    0
                  ],
                  "uv_size": [
                    1,
                    1
                  ]
                },
                "west": {
                  "uv": [
                    16,
                    0
                  ],
                  "uv_size": [
                    1,
                    1
                  ]
                },
                "up": {
                  "uv": [
                    17,
                    1
                  ],
                  "uv_size": [
                    -1,
                    -1
                  ]
                },
                "down": {
                  "uv": [
                    17,
                    1
                  ],
                  "uv_size": [
                    -1,
                    -1
                  ]
                }
              }
            }
          ]
        },
        {
          "name": "octagon",
          "parent": "group2",
          "pivot": [
            -8,
            8,
            8
          ],
          "cubes": [
            {
              "origin": [
                -6,
                2.17677,
                -3.23744
              ],
              "size": [
                2.25,
                1.65686,
                4
              ],
              "pivot": [
                0,
                0,
                0
              ],
              "rotation": [
                -45,
                0,
                0
              ],
              "uv": {
                "north": {
                  "uv": [
                    16,
                    0
                  ],
                  "uv_size": [
                    1,
                    1
                  ]
                },
                "east": {
                  "uv": [
                    16,
                    0
                  ],
                  "uv_size": [
                    1,
                    1
                  ]
                },
                "south": {
                  "uv": [
                    16,
                    0
                  ],
                  "uv_size": [
                    1,
                    1
                  ]
                },
                "west": {
                  "uv": [
                    16,
                    0
                  ],
                  "uv_size": [
                    1,
                    1
                  ]
                },
                "up": {
                  "uv": [
                    17,
                    1
                  ],
                  "uv_size": [
                    -1,
                    -1
                  ]
                },
                "down": {
                  "uv": [
                    17,
                    1
                  ],
                  "uv_size": [
                    -1,
                    -1
                  ]
                }
              }
            },
            {
              "origin": [
                -6,
                2.17157,
                -0.75
              ],
              "size": [
                2.25,
                1.65686,
                4
              ],
              "uv": {
                "north": {
                  "uv": [
                    16,
                    0
                  ],
                  "uv_size": [
                    1,
                    1
                  ]
                },
                "east": {
                  "uv": [
                    16,
                    0
                  ],
                  "uv_size": [
                    1,
                    1
                  ]
                },
                "south": {
                  "uv": [
                    16,
                    0
                  ],
                  "uv_size": [
                    1,
                    1
                  ]
                },
                "west": {
                  "uv": [
                    16,
                    0
                  ],
                  "uv_size": [
                    1,
                    1
                  ]
                },
                "up": {
                  "uv": [
                    17,
                    1
                  ],
                  "uv_size": [
                    -1,
                    -1
                  ]
                },
                "down": {
                  "uv": [
                    17,
                    1
                  ],
                  "uv_size": [
                    -1,
                    -1
                  ]
                }
              }
            },
            {
              "origin": [
                -6,
                1.0052,
                -2.06587
              ],
              "size": [
                2.25,
                4,
                1.65686
              ],
              "pivot": [
                0,
                0,
                0
              ],
              "rotation": [
                -45,
                0,
                0
              ],
              "uv": {
                "north": {
                  "uv": [
                    16,
                    0
                  ],
                  "uv_size": [
                    1,
                    1
                  ]
                },
                "east": {
                  "uv": [
                    16,
                    0
                  ],
                  "uv_size": [
                    1,
                    1
                  ]
                },
                "south": {
                  "uv": [
                    16,
                    0
                  ],
                  "uv_size": [
                    1,
                    1
                  ]
                },
                "west": {
                  "uv": [
                    16,
                    0
                  ],
                  "uv_size": [
                    1,
                    1
                  ]
                },
                "up": {
                  "uv": [
                    17,
                    1
                  ],
                  "uv_size": [
                    -1,
                    -1
                  ]
                },
                "down": {
                  "uv": [
                    17,
                    1
                  ],
                  "uv_size": [
                    -1,
                    -1
                  ]
                }
              }
            },
            {
              "origin": [
                -6,
                1,
                0.42157
              ],
              "size": [
                2.25,
                4,
                1.65686
              ],
              "uv": {
                "north": {
                  "uv": [
                    16,
                    0
                  ],
                  "uv_size": [
                    1,
                    1
                  ]
                },
                "east": {
                  "uv": [
                    16,
                    0
                  ],
                  "uv_size": [
                    1,
                    1
                  ]
                },
                "south": {
                  "uv": [
                    16,
                    0
                  ],
                  "uv_size": [
                    1,
                    1
                  ]
                },
                "west": {
                  "uv": [
                    16,
                    0
                  ],
                  "uv_size": [
                    1,
                    1
                  ]
                },
                "up": {
                  "uv": [
                    17,
                    1
                  ],
                  "uv_size": [
                    -1,
                    -1
                  ]
                },
                "down": {
                  "uv": [
                    17,
                    1
                  ],
                  "uv_size": [
                    -1,
                    -1
                  ]
                }
              }
            }
          ]
        },
        {
          "name": "group",
          "pivot": [
            -8,
            8,
            8
          ],
          "cubes": [
            {
              "origin": [
                4.75,
                1.59663,
                -2.24399
              ],
              "size": [
                0.25,
                0.25,
                3
              ],
              "pivot": [
                0,
                0,
                0
              ],
              "rotation": [
                22.5,
                0,
                0
              ],
              "uv": {
                "north": {
                  "uv": [
                    0,
                    0
                  ],
                  "uv_size": [
                    0.25,
                    0.25
                  ]
                },
                "east": {
                  "uv": [
                    0,
                    0
                  ],
                  "uv_size": [
                    3,
                    0.25
                  ]
                },
                "south": {
                  "uv": [
                    0,
                    0
                  ],
                  "uv_size": [
                    0.25,
                    0.25
                  ]
                },
                "west": {
                  "uv": [
                    0,
                    0
                  ],
                  "uv_size": [
                    3,
                    0.25
                  ]
                },
                "up": {
                  "uv": [
                    0.25,
                    3
                  ],
                  "uv_size": [
                    -0.25,
                    -3
                  ]
                },
                "down": {
                  "uv": [
                    0.25,
                    3
                  ],
                  "uv_size": [
                    -0.25,
                    -3
                  ]
                }
              }
            },
            {
              "origin": [
                5.39938,
                0.62,
                -2.72285
              ],
              "size": [
                0.25,
                0.25,
                2.15
              ],
              "pivot": [
                0,
                0,
                0
              ],
              "rotation": [
                0,
                22.5,
                0
              ],
              "uv": {
                "north": {
                  "uv": [
                    0,
                    0
                  ],
                  "uv_size": [
                    0.25,
                    0.25
                  ]
                },
                "east": {
                  "uv": [
                    0,
                    0
                  ],
                  "uv_size": [
                    2.15,
                    0.25
                  ]
                },
                "south": {
                  "uv": [
                    0,
                    0
                  ],
                  "uv_size": [
                    0.25,
                    0.25
                  ]
                },
                "west": {
                  "uv": [
                    0,
                    0
                  ],
                  "uv_size": [
                    2.15,
                    0.25
                  ]
                },
                "up": {
                  "uv": [
                    0.25,
                    2.15
                  ],
                  "uv_size": [
                    -0.25,
                    -2.15
                  ]
                },
                "down": {
                  "uv": [
                    0.25,
                    2.15
                  ],
                  "uv_size": [
                    -0.25,
                    -2.15
                  ]
                }
              }
            }
          ]
        }
      ]
    }
  ]
}