{
  "format_version": "1.12.0",
  "minecraft:geometry": [
    {
      "description": {
        "identifier": "geometry.pa_jelly_roll",
        "texture_width": 32,
        "texture_height": 16,
        "visible_bounds_width": 2,
        "visible_bounds_height": 1.5,
        "visible_bounds_offset": [
          0,
          0.25,
          0
        ]
      },
      "bones": [
        {
          "name": "Plate",
          "pivot": [
            -8,
            8,
            8
          ]
        },
        {
          "name": "Bottom",
          "parent": "Plate",
          "pivot": [
            -12,
            0.75,
            2.70711
          ],
          "cubes": [
            {
              "origin": [
                -4,
                0,
                -6.25
              ],
              "size": [
                8,
                0.5,
                12.5
              ],
              "uv": {
                "north": {
                  "uv": [
                    4,
                    0
                  ],
                  "uv_size": [
                    1,
                    0.5
                  ]
                },
                "east": {
                  "uv": [
                    4,
                    0
                  ],
                  "uv_size": [
                    1,
                    0.5
                  ]
                },
                "south": {
                  "uv": [
                    4,
                    0
                  ],
                  "uv_size": [
                    1,
                    0.5
                  ]
                },
                "west": {
                  "uv": [
                    4,
                    0
                  ],
                  "uv_size": [
                    1,
                    0.5
                  ]
                },
                "up": {
                  "uv": [
                    5,
                    0.5
                  ],
                  "uv_size": [
                    -1,
                    -0.5
                  ]
                },
                "down": {
                  "uv": [
                    5,
                    0.5
                  ],
                  "uv_size": [
                    -1,
                    -0.5
                  ]
                }
              }
            },
            {
              "origin": [
                -5.25,
                0,
                -5
              ],
              "size": [
                10.5,
                0.5,
                10
              ],
              "uv": {
                "north": {
                  "uv": [
                    7,
                    0
                  ],
                  "uv_size": [
                    1,
                    0.5
                  ]
                },
                "east": {
                  "uv": [
                    7,
                    0
                  ],
                  "uv_size": [
                    1,
                    0.5
                  ]
                },
                "south": {
                  "uv": [
                    7,
                    0
                  ],
                  "uv_size": [
                    1,
                    0.5
                  ]
                },
                "west": {
                  "uv": [
                    7,
                    0
                  ],
                  "uv_size": [
                    1,
                    0.5
                  ]
                },
                "up": {
                  "uv": [
                    8,
                    0.5
                  ],
                  "uv_size": [
                    -1,
                    -0.5
                  ]
                },
                "down": {
                  "uv": [
                    8,
                    0.5
                  ],
                  "uv_size": [
                    -1,
                    -0.5
                  ]
                }
              }
            },
            {
              "origin": [
                -0.178,
                0.00175,
                6.06983
              ],
              "size": [
                1.76777,
                0.5,
                1.17678
              ],
              "pivot": [
                0,
                0,
                0
              ],
              "rotation": [
                0,
                -45,
                0
              ],
              "uv": {
                "north": {
                  "uv": [
                    7,
                    0
                  ],
                  "uv_size": [
                    1,
                    0.5
                  ]
                },
                "east": {
                  "uv": [
                    7,
                    0
                  ],
                  "uv_size": [
                    1,
                    0.5
                  ]
                },
                "south": {
                  "uv": [
                    7,
                    0
                  ],
                  "uv_size": [
                    1,
                    0.5
                  ]
                },
                "west": {
                  "uv": [
                    7,
                    0
                  ],
                  "uv_size": [
                    1,
                    0.5
                  ]
                },
                "up": {
                  "uv": [
                    8,
                    0.5
                  ],
                  "uv_size": [
                    -1,
                    -0.5
                  ]
                },
                "down": {
                  "uv": [
                    8,
                    0.5
                  ],
                  "uv_size": [
                    -1,
                    -0.5
                  ]
                }
              }
            },
            {
              "origin": [
                -1.59223,
                -0.00175,
                6.07229
              ],
              "size": [
                1.76777,
                0.5,
                1.17678
              ],
              "pivot": [
                0,
                0,
                0
              ],
              "rotation": [
                0,
                45,
                0
              ],
              "uv": {
                "north": {
                  "uv": [
                    7,
                    0
                  ],
                  "uv_size": [
                    1,
                    0.5
                  ]
                },
                "east": {
                  "uv": [
                    7,
                    0
                  ],
                  "uv_size": [
                    1,
                    0.5
                  ]
                },
                "south": {
                  "uv": [
                    7,
                    0
                  ],
                  "uv_size": [
                    1,
                    0.5
                  ]
                },
                "west": {
                  "uv": [
                    7,
                    0
                  ],
                  "uv_size": [
                    1,
                    0.5
                  ]
                },
                "up": {
                  "uv": [
                    8,
                    0.5
                  ],
                  "uv_size": [
                    -1,
                    -0.5
                  ]
                },
                "down": {
                  "uv": [
                    8,
                    0.5
                  ],
                  "uv_size": [
                    -1,
                    -0.5
                  ]
                }
              }
            },
            {
              "origin": [
                -1.58976,
                -0.00175,
                -7.24662
              ],
              "size": [
                1.76777,
                0.5,
                1.17678
              ],
              "pivot": [
                0,
                0,
                0
              ],
              "rotation": [
                0,
                -45,
                0
              ],
              "uv": {
                "north": {
                  "uv": [
                    7,
                    0
                  ],
                  "uv_size": [
                    1,
                    0.5
                  ]
                },
                "east": {
                  "uv": [
                    7,
                    0
                  ],
                  "uv_size": [
                    1,
                    0.5
                  ]
                },
                "south": {
                  "uv": [
                    7,
                    0
                  ],
                  "uv_size": [
                    1,
                    0.5
                  ]
                },
                "west": {
                  "uv": [
                    7,
                    0
                  ],
                  "uv_size": [
                    1,
                    0.5
                  ]
                },
                "up": {
                  "uv": [
                    8,
                    0.5
                  ],
                  "uv_size": [
                    -1,
                    -0.5
                  ]
                },
                "down": {
                  "uv": [
                    8,
                    0.5
                  ],
                  "uv_size": [
                    -1,
                    -0.5
                  ]
                }
              }
            },
            {
              "origin": [
                -0.17555,
                0.00175,
                -7.24908
              ],
              "size": [
                1.76777,
                0.5,
                1.17678
              ],
              "pivot": [
                0,
                0,
                0
              ],
              "rotation": [
                0,
                45,
                0
              ],
              "uv": {
                "north": {
                  "uv": [
                    7,
                    0
                  ],
                  "uv_size": [
                    1,
                    0.5
                  ]
                },
                "east": {
                  "uv": [
                    7,
                    0
                  ],
                  "uv_size": [
                    1,
                    0.5
                  ]
                },
                "south": {
                  "uv": [
                    7,
                    0
                  ],
                  "uv_size": [
                    1,
                    0.5
                  ]
                },
                "west": {
                  "uv": [
                    7,
                    0
                  ],
                  "uv_size": [
                    1,
                    0.5
                  ]
                },
                "up": {
                  "uv": [
                    8,
                    0.5
                  ],
                  "uv_size": [
                    -1,
                    -0.5
                  ]
                },
                "down": {
                  "uv": [
                    8,
                    0.5
                  ],
                  "uv_size": [
                    -1,
                    -0.5
                  ]
                }
              }
            }
          ]
        },
        {
          "name": "Rim",
          "parent": "Plate",
          "pivot": [
            -3.07612,
            0.75,
            13.91021
          ],
          "cubes": [
            {
              "origin": [
                -1.76655,
                0.49825,
                -8.13049
              ],
              "size": [
                2.14066,
                0.5,
                0.97087
              ],
              "pivot": [
                0,
                0,
                0
              ],
              "rotation": [
                0,
                -45,
                0
              ],
              "uv": {
                "north": {
                  "uv": [
                    2,
                    0
                  ],
                  "uv_size": [
                    1,
                    0.5
                  ]
                },
                "east": {
                  "uv": [
                    2,
                    0
                  ],
                  "uv_size": [
                    1,
                    0.5
                  ]
                },
                "south": {
                  "uv": [
                    2,
                    0
                  ],
                  "uv_size": [
                    1,
                    0.5
                  ]
                },
                "west": {
                  "uv": [
                    2,
                    0
                  ],
                  "uv_size": [
                    1,
                    0.5
                  ]
                },
                "up": {
                  "uv": [
                    3,
                    0.5
                  ],
                  "uv_size": [
                    -1,
                    -0.5
                  ]
                },
                "down": {
                  "uv": [
                    3,
                    0.5
                  ],
                  "uv_size": [
                    -1,
                    -0.5
                  ]
                }
              }
            },
            {
              "origin": [
                5.01367,
                0.5,
                -5.48633
              ],
              "size": [
                1,
                0.5,
                10.97266
              ],
              "uv": {
                "north": {
                  "uv": [
                    2,
                    0
                  ],
                  "uv_size": [
                    1,
                    0.5
                  ]
                },
                "east": {
                  "uv": [
                    2,
                    0
                  ],
                  "uv_size": [
                    1,
                    0.5
                  ]
                },
                "south": {
                  "uv": [
                    2,
                    0
                  ],
                  "uv_size": [
                    1,
                    0.5
                  ]
                },
                "west": {
                  "uv": [
                    2,
                    0
                  ],
                  "uv_size": [
                    1,
                    0.5
                  ]
                },
                "up": {
                  "uv": [
                    3,
                    0.5
                  ],
                  "uv_size": [
                    -1,
                    -0.5
                  ]
                },
                "down": {
                  "uv": [
                    3,
                    0.5
                  ],
                  "uv_size": [
                    -1,
                    -0.5
                  ]
                }
              }
            },
            {
              "origin": [
                -4.5,
                0.5,
                -7
              ],
              "size": [
                8.99999,
                0.5,
                1
              ],
              "uv": {
                "north": {
                  "uv": [
                    2,
                    0
                  ],
                  "uv_size": [
                    1,
                    0.5
                  ]
                },
                "east": {
                  "uv": [
                    2,
                    0
                  ],
                  "uv_size": [
                    1,
                    0.5
                  ]
                },
                "south": {
                  "uv": [
                    2,
                    0
                  ],
                  "uv_size": [
                    1,
                    0.5
                  ]
                },
                "west": {
                  "uv": [
                    2,
                    0
                  ],
                  "uv_size": [
                    1,
                    0.5
                  ]
                },
                "up": {
                  "uv": [
                    3,
                    0.5
                  ],
                  "uv_size": [
                    -1,
                    -0.5
                  ]
                },
                "down": {
                  "uv": [
                    3,
                    0.5
                  ],
                  "uv_size": [
                    -1,
                    -0.5
                  ]
                }
              }
            },
            {
              "origin": [
                -0.37289,
                0.5,
                -8.13173
              ],
              "size": [
                2.14066,
                0.5,
                0.97087
              ],
              "pivot": [
                0,
                0,
                0
              ],
              "rotation": [
                0,
                45,
                0
              ],
              "uv": {
                "north": {
                  "uv": [
                    2,
                    0
                  ],
                  "uv_size": [
                    1,
                    0.5
                  ]
                },
                "east": {
                  "uv": [
                    2,
                    0
                  ],
                  "uv_size": [
                    1,
                    0.5
                  ]
                },
                "south": {
                  "uv": [
                    2,
                    0
                  ],
                  "uv_size": [
                    1,
                    0.5
                  ]
                },
                "west": {
                  "uv": [
                    2,
                    0
                  ],
                  "uv_size": [
                    1,
                    0.5
                  ]
                },
                "up": {
                  "uv": [
                    3,
                    0.5
                  ],
                  "uv_size": [
                    -1,
                    -0.5
                  ]
                },
                "down": {
                  "uv": [
                    3,
                    0.5
                  ],
                  "uv_size": [
                    -1,
                    -0.5
                  ]
                }
              }
            },
            {
              "origin": [
                -6.01367,
                0.5,
                -5.48633
              ],
              "size": [
                1,
                0.5,
                10.97266
              ],
              "uv": {
                "north": {
                  "uv": [
                    2,
                    0
                  ],
                  "uv_size": [
                    1,
                    0.5
                  ]
                },
                "east": {
                  "uv": [
                    2,
                    0
                  ],
                  "uv_size": [
                    1,
                    0.5
                  ]
                },
                "south": {
                  "uv": [
                    2,
                    0
                  ],
                  "uv_size": [
                    1,
                    0.5
                  ]
                },
                "west": {
                  "uv": [
                    2,
                    0
                  ],
                  "uv_size": [
                    1,
                    0.5
                  ]
                },
                "up": {
                  "uv": [
                    3,
                    0.5
                  ],
                  "uv_size": [
                    -1,
                    -0.5
                  ]
                },
                "down": {
                  "uv": [
                    3,
                    0.5
                  ],
                  "uv_size": [
                    -1,
                    -0.5
                  ]
                }
              }
            },
            {
              "origin": [
                -0.37289,
                0.5,
                7.16086
              ],
              "size": [
                2.14066,
                0.5,
                0.97087
              ],
              "pivot": [
                0,
                0,
                0
              ],
              "rotation": [
                0,
                -45,
                0
              ],
              "uv": {
                "north": {
                  "uv": [
                    2,
                    0
                  ],
                  "uv_size": [
                    1,
                    0.5
                  ]
                },
                "east": {
                  "uv": [
                    2,
                    0
                  ],
                  "uv_size": [
                    1,
                    0.5
                  ]
                },
                "south": {
                  "uv": [
                    2,
                    0
                  ],
                  "uv_size": [
                    1,
                    0.5
                  ]
                },
                "west": {
                  "uv": [
                    2,
                    0
                  ],
                  "uv_size": [
                    1,
                    0.5
                  ]
                },
                "up": {
                  "uv": [
                    3,
                    0.5
                  ],
                  "uv_size": [
                    -1,
                    -0.5
                  ]
                },
                "down": {
                  "uv": [
                    3,
                    0.5
                  ],
                  "uv_size": [
                    -1,
                    -0.5
                  ]
                }
              }
            },
            {
              "origin": [
                -4.5,
                0.5,
                6
              ],
              "size": [
                8.99999,
                0.5,
                1
              ],
              "uv": {
                "north": {
                  "uv": [
                    2,
                    0
                  ],
                  "uv_size": [
                    1,
                    0.5
                  ]
                },
                "east": {
                  "uv": [
                    2,
                    0
                  ],
                  "uv_size": [
                    1,
                    0.5
                  ]
                },
                "south": {
                  "uv": [
                    2,
                    0
                  ],
                  "uv_size": [
                    1,
                    0.5
                  ]
                },
                "west": {
                  "uv": [
                    2,
                    0
                  ],
                  "uv_size": [
                    1,
                    0.5
                  ]
                },
                "up": {
                  "uv": [
                    3,
                    0.5
                  ],
                  "uv_size": [
                    -1,
                    -0.5
                  ]
                },
                "down": {
                  "uv": [
                    3,
                    0.5
                  ],
                  "uv_size": [
                    -1,
                    -0.5
                  ]
                }
              }
            },
            {
              "origin": [
                -1.76901,
                0.49825,
                7.16208
              ],
              "size": [
                2.14066,
                0.5,
                0.97087
              ],
              "pivot": [
                0,
                0,
                0
              ],
              "rotation": [
                0,
                45,
                0
              ],
              "uv": {
                "north": {
                  "uv": [
                    2,
                    0
                  ],
                  "uv_size": [
                    1,
                    0.5
                  ]
                },
                "east": {
                  "uv": [
                    2,
                    0
                  ],
                  "uv_size": [
                    1,
                    0.5
                  ]
                },
                "south": {
                  "uv": [
                    2,
                    0
                  ],
                  "uv_size": [
                    1,
                    0.5
                  ]
                },
                "west": {
                  "uv": [
                    2,
                    0
                  ],
                  "uv_size": [
                    1,
                    0.5
                  ]
                },
                "up": {
                  "uv": [
                    3,
                    0.5
                  ],
                  "uv_size": [
                    -1,
                    -0.5
                  ]
                },
                "down": {
                  "uv": [
                    3,
                    0.5
                  ],
                  "uv_size": [
                    -1,
                    -0.5
                  ]
                }
              }
            }
          ]
        },
        {
          "name": "Cake",
          "pivot": [
            -8,
            8,
            8
          ],
          "cubes": [
            {
              "origin": [
                -2.82843,
                -0.70711,
                -5
              ],
              "size": [
                1.41422,
                5.65686,
                10
              ],
              "pivot": [
                0,
                0,
                0
              ],
              "rotation": [
                0,
                0,
                45
              ],
              "uv": {
                "north": {
                  "uv": [
                    0,
                    8.75
                  ],
                  "uv_size": [
                    5.657,
                    0.707
                  ]
                },
                "east": {
                  "uv": [
                    0,
                    8
                  ],
                  "uv_size": [
                    5.65685,
                    5
                  ]
                },
                "south": {
                  "uv": [
                    0,
                    8.75
                  ],
                  "uv_size": [
                    5.657,
                    0.707
                  ]
                },
                "west": {
                  "uv": [
                    0,
                    8
                  ],
                  "uv_size": [
                    5.65685,
                    5
                  ]
                },
                "up": {
                  "uv": [
                    10,
                    10.207
                  ],
                  "uv_size": [
                    -10,
                    -0.707
                  ]
                },
                "down": {
                  "uv": [
                    10,
                    9.457
                  ],
                  "uv_size": [
                    -10,
                    -0.707
                  ]
                }
              }
            },
            {
              "origin": [
                -2.5,
                1.5,
                -5
              ],
              "size": [
                5,
                3,
                10
              ],
              "uv": {
                "north": {
                  "uv": [
                    10,
                    8
                  ],
                  "uv_size": [
                    5,
                    1.5
                  ]
                },
                "east": {
                  "uv": [
                    0,
                    8
                  ],
                  "uv_size": [
                    10,
                    1.5
                  ]
                },
                "south": {
                  "uv": [
                    10,
                    8
                  ],
                  "uv_size": [
                    5,
                    1.5
                  ]
                },
                "west": {
                  "uv": [
                    0,
                    8
                  ],
                  "uv_size": [
                    10,
                    1.5
                  ]
                },
                "up": {
                  "uv": [
                    5,
                    13
                  ],
                  "uv_size": [
                    -5,
                    -5
                  ]
                },
                "down": {
                  "uv": [
                    5,
                    13
                  ],
                  "uv_size": [
                    -5,
                    -5
                  ]
                }
              }
            },
            {
              "origin": [
                -2,
                0.5,
                -5.03125
              ],
              "size": [
                4.5,
                5,
                0
              ],
              "uv": {
                "north": {
                  "uv": [
                    10,
                    9.5
                  ],
                  "uv_size": [
                    5,
                    2.25
                  ]
                },
                "east": {
                  "uv": [
                    10,
                    9.5
                  ],
                  "uv_size": [
                    1,
                    0.5
                  ]
                },
                "south": {
                  "uv": [
                    10,
                    9.5
                  ],
                  "uv_size": [
                    1,
                    0.5
                  ]
                },
                "west": {
                  "uv": [
                    10,
                    9.5
                  ],
                  "uv_size": [
                    1,
                    0.5
                  ]
                },
                "up": {
                  "uv": [
                    11,
                    10
                  ],
                  "uv_size": [
                    -1,
                    -0.5
                  ]
                },
                "down": {
                  "uv": [
                    11,
                    10
                  ],
                  "uv_size": [
                    -1,
                    -0.5
                  ]
                }
              }
            },
            {
              "origin": [
                -2,
                0.5,
                5.03125
              ],
              "size": [
                4.5,
                5,
                0
              ],
              "uv": {
                "north": {
                  "uv": [
                    10,
                    10
                  ],
                  "uv_size": [
                    1,
                    -0.5
                  ]
                },
                "east": {
                  "uv": [
                    10,
                    10
                  ],
                  "uv_size": [
                    1,
                    -0.5
                  ]
                },
                "south": {
                  "uv": [
                    10,
                    11.75
                  ],
                  "uv_size": [
                    5,
                    -2.25
                  ]
                },
                "west": {
                  "uv": [
                    10,
                    10
                  ],
                  "uv_size": [
                    1,
                    -0.5
                  ]
                },
                "up": {
                  "uv": [
                    10,
                    10
                  ],
                  "uv_size": [
                    1,
                    -0.5
                  ]
                },
                "down": {
                  "uv": [
                    10,
                    10
                  ],
                  "uv_size": [
                    1,
                    -0.5
                  ]
                }
              }
            },
            {
              "origin": [
                -1.5,
                0.5,
                -5
              ],
              "size": [
                3,
                5,
                10
              ],
              "uv": {
                "north": {
                  "uv": [
                    10,
                    8
                  ],
                  "uv_size": [
                    5,
                    1.5
                  ]
                },
                "east": {
                  "uv": [
                    0,
                    8
                  ],
                  "uv_size": [
                    5,
                    5
                  ]
                },
                "south": {
                  "uv": [
                    10,
                    8
                  ],
                  "uv_size": [
                    5,
                    1.5
                  ]
                },
                "west": {
                  "uv": [
                    0,
                    8
                  ],
                  "uv_size": [
                    5,
                    5
                  ]
                },
                "up": {
                  "uv": [
                    10,
                    11.75
                  ],
                  "uv_size": [
                    -10,
                    -1.5
                  ]
                },
                "down": {
                  "uv": [
                    10,
                    9.5
                  ],
                  "uv_size": [
                    -10,
                    -1.5
                  ]
                }
              }
            },
            {
              "origin": [
                1.41421,
                -0.70711,
                -5
              ],
              "size": [
                1.41422,
                5.65686,
                10
              ],
              "pivot": [
                0,
                0,
                0
              ],
              "rotation": [
                0,
                0,
                -45
              ],
              "uv": {
                "north": {
                  "uv": [
                    0,
                    8.75
                  ],
                  "uv_size": [
                    5.657,
                    0.707
                  ]
                },
                "east": {
                  "uv": [
                    0,
                    8
                  ],
                  "uv_size": [
                    5.65685,
                    5
                  ]
                },
                "south": {
                  "uv": [
                    0,
                    8.75
                  ],
                  "uv_size": [
                    5.657,
                    0.707
                  ]
                },
                "west": {
                  "uv": [
                    0,
                    8
                  ],
                  "uv_size": [
                    5.65685,
                    5
                  ]
                },
                "up": {
                  "uv": [
                    10,
                    10.207
                  ],
                  "uv_size": [
                    -10,
                    -0.707
                  ]
                },
                "down": {
                  "uv": [
                    10,
                    9.457
                  ],
                  "uv_size": [
                    -10,
                    -0.707
                  ]
                }
              }
            }
          ]
        },
        {
          "name": "Pecans2",
          "pivot": [
            -0.75,
            0.5,
            0
          ],
          "cubes": [
            {
              "origin": [
                0.62902,
                5.375,
                -3.17597
              ],
              "size": [
                1.5,
                0.5,
                1
              ],
              "pivot": [
                0,
                0,
                0
              ],
              "rotation": [
                0,
                22.5,
                0
              ],
              "uv": {
                "north": {
                  "uv": [
                    15.5,
                    8
                  ],
                  "uv_size": [
                    0.5,
                    0.75
                  ]
                },
                "east": {
                  "uv": [
                    15.5,
                    8
                  ],
                  "uv_size": [
                    0.5,
                    0.5
                  ]
                },
                "south": {
                  "uv": [
                    15.5,
                    8
                  ],
                  "uv_size": [
                    0.5,
                    0.75
                  ]
                },
                "west": {
                  "uv": [
                    15.5,
                    8
                  ],
                  "uv_size": [
                    0.5,
                    0.5
                  ]
                },
                "up": {
                  "uv": [
                    16,
                    8.75
                  ],
                  "uv_size": [
                    -1,
                    -0.75
                  ]
                },
                "down": {
                  "uv": [
                    16,
                    8.75
                  ],
                  "uv_size": [
                    -1,
                    -0.75
                  ]
                }
              }
            },
            {
              "origin": [
                -0.75,
                6.51718,
                -1.73531
              ],
              "size": [
                1,
                0.5,
                1.5
              ],
              "pivot": [
                0,
                0,
                0
              ],
              "rotation": [
                22.5,
                0,
                0
              ],
              "uv": {
                "north": {
                  "uv": [
                    15.5,
                    8
                  ],
                  "uv_size": [
                    0.5,
                    0.5
                  ]
                },
                "east": {
                  "uv": [
                    15.5,
                    8
                  ],
                  "uv_size": [
                    0.5,
                    0.75
                  ]
                },
                "south": {
                  "uv": [
                    15.5,
                    8
                  ],
                  "uv_size": [
                    0.5,
                    0.5
                  ]
                },
                "west": {
                  "uv": [
                    15.5,
                    8
                  ],
                  "uv_size": [
                    0.5,
                    0.75
                  ]
                },
                "up": {
                  "uv": [
                    16,
                    8.75
                  ],
                  "uv_size": [
                    -1,
                    -0.75
                  ]
                },
                "down": {
                  "uv": [
                    16,
                    8.75
                  ],
                  "uv_size": [
                    -1,
                    -0.75
                  ]
                }
              }
            }
          ]
        },
        {
          "name": "Pecans3",
          "pivot": [
            -0.75,
            0.5,
            0
          ],
          "cubes": [
            {
              "origin": [
                -0.51903,
                5.375,
                -0.40433
              ],
              "size": [
                1.5,
                0.5,
                1
              ],
              "pivot": [
                0,
                0,
                0
              ],
              "rotation": [
                0,
                22.5,
                0
              ],
              "uv": {
                "north": {
                  "uv": [
                    15.5,
                    8
                  ],
                  "uv_size": [
                    0.5,
                    0.75
                  ]
                },
                "east": {
                  "uv": [
                    15.5,
                    8
                  ],
                  "uv_size": [
                    0.5,
                    0.5
                  ]
                },
                "south": {
                  "uv": [
                    15.5,
                    8
                  ],
                  "uv_size": [
                    0.5,
                    0.75
                  ]
                },
                "west": {
                  "uv": [
                    15.5,
                    8
                  ],
                  "uv_size": [
                    0.5,
                    0.5
                  ]
                },
                "up": {
                  "uv": [
                    16,
                    8.75
                  ],
                  "uv_size": [
                    -1,
                    -0.75
                  ]
                },
                "down": {
                  "uv": [
                    16,
                    8.75
                  ],
                  "uv_size": [
                    -1,
                    -0.75
                  ]
                }
              }
            },
            {
              "origin": [
                -0.75,
                5.36913,
                1.03633
              ],
              "size": [
                1,
                0.5,
                1.5
              ],
              "pivot": [
                0,
                0,
                0
              ],
              "rotation": [
                22.5,
                0,
                0
              ],
              "uv": {
                "north": {
                  "uv": [
                    15.5,
                    8
                  ],
                  "uv_size": [
                    0.5,
                    0.5
                  ]
                },
                "east": {
                  "uv": [
                    15.5,
                    8
                  ],
                  "uv_size": [
                    0.5,
                    0.75
                  ]
                },
                "south": {
                  "uv": [
                    15.5,
                    8
                  ],
                  "uv_size": [
                    0.5,
                    0.5
                  ]
                },
                "west": {
                  "uv": [
                    15.5,
                    8
                  ],
                  "uv_size": [
                    0.5,
                    0.75
                  ]
                },
                "up": {
                  "uv": [
                    16,
                    8.75
                  ],
                  "uv_size": [
                    -1,
                    -0.75
                  ]
                },
                "down": {
                  "uv": [
                    16,
                    8.75
                  ],
                  "uv_size": [
                    -1,
                    -0.75
                  ]
                }
              }
            }
          ]
        },
        {
          "name": "Pecans",
          "pivot": [
            -0.75,
            0.5,
            0
          ],
          "cubes": [
            {
              "origin": [
                -1.66708,
                5.375,
                2.36731
              ],
              "size": [
                1.5,
                0.5,
                1
              ],
              "pivot": [
                0,
                0,
                0
              ],
              "rotation": [
                0,
                22.5,
                0
              ],
              "uv": {
                "north": {
                  "uv": [
                    15.5,
                    8
                  ],
                  "uv_size": [
                    0.5,
                    0.75
                  ]
                },
                "east": {
                  "uv": [
                    15.5,
                    8
                  ],
                  "uv_size": [
                    0.5,
                    0.5
                  ]
                },
                "south": {
                  "uv": [
                    15.5,
                    8
                  ],
                  "uv_size": [
                    0.5,
                    0.75
                  ]
                },
                "west": {
                  "uv": [
                    15.5,
                    8
                  ],
                  "uv_size": [
                    0.5,
                    0.5
                  ]
                },
                "up": {
                  "uv": [
                    16,
                    8.75
                  ],
                  "uv_size": [
                    -1,
                    -0.75
                  ]
                },
                "down": {
                  "uv": [
                    16,
                    8.75
                  ],
                  "uv_size": [
                    -1,
                    -0.75
                  ]
                }
              }
            },
            {
              "origin": [
                -0.75,
                4.22108,
                3.80796
              ],
              "size": [
                1,
                0.5,
                1.5
              ],
              "pivot": [
                0,
                0,
                0
              ],
              "rotation": [
                22.5,
                0,
                0
              ],
              "uv": {
                "north": {
                  "uv": [
                    15.5,
                    8
                  ],
                  "uv_size": [
                    0.5,
                    0.5
                  ]
                },
                "east": {
                  "uv": [
                    15.5,
                    8
                  ],
                  "uv_size": [
                    0.5,
                    0.75
                  ]
                },
                "south": {
                  "uv": [
                    15.5,
                    8
                  ],
                  "uv_size": [
                    0.5,
                    0.5
                  ]
                },
                "west": {
                  "uv": [
                    15.5,
                    8
                  ],
                  "uv_size": [
                    0.5,
                    0.75
                  ]
                },
                "up": {
                  "uv": [
                    16,
                    8.75
                  ],
                  "uv_size": [
                    -1,
                    -0.75
                  ]
                },
                "down": {
                  "uv": [
                    16,
                    8.75
                  ],
                  "uv_size": [
                    -1,
                    -0.75
                  ]
                }
              }
            }
          ]
        },
        {
          "name": "Flowers2",
          "pivot": [
            -8,
            8,
            8
          ]
        },
        {
          "name": "Small_Flower2",
          "parent": "Flowers2",
          "pivot": [
            0.5,
            0,
            1
          ],
          "cubes": [
            {
              "origin": [
                2.8935,
                1.29074,
                0.74974
              ],
              "size": [
                1.443,
                0,
                0.962
              ],
              "pivot": [
                0,
                0,
                0
              ],
              "rotation": [
                -22.5,
                0,
                0
              ],
              "uv": {
                "north": {
                  "uv": [
                    16,
                    0
                  ],
                  "uv_size": [
                    2,
                    0
                  ]
                },
                "east": {
                  "uv": [
                    16,
                    0
                  ],
                  "uv_size": [
                    1,
                    0
                  ]
                },
                "south": {
                  "uv": [
                    16,
                    0
                  ],
                  "uv_size": [
                    2,
                    0
                  ]
                },
                "west": {
                  "uv": [
                    16,
                    0
                  ],
                  "uv_size": [
                    1,
                    0
                  ]
                },
                "up": {
                  "uv": [
                    31,
                    7
                  ],
                  "uv_size": [
                    -3,
                    -1
                  ]
                },
                "down": {
                  "uv": [
                    30,
                    7
                  ],
                  "uv_size": [
                    -2,
                    -1.5
                  ]
                }
              }
            },
            {
              "origin": [
                3.3745,
                -0.32572,
                2.19073
              ],
              "size": [
                1.443,
                0,
                0.962
              ],
              "pivot": [
                0,
                0,
                0
              ],
              "rotation": [
                22.5,
                0,
                0
              ],
              "uv": {
                "north": {
                  "uv": [
                    18,
                    0
                  ],
                  "uv_size": [
                    -2,
                    0
                  ]
                },
                "east": {
                  "uv": [
                    17,
                    0
                  ],
                  "uv_size": [
                    -1,
                    0
                  ]
                },
                "south": {
                  "uv": [
                    18,
                    0
                  ],
                  "uv_size": [
                    -2,
                    0
                  ]
                },
                "west": {
                  "uv": [
                    17,
                    0
                  ],
                  "uv_size": [
                    -1,
                    0
                  ]
                },
                "up": {
                  "uv": [
                    31,
                    7
                  ],
                  "uv_size": [
                    -3,
                    -1
                  ]
                },
                "down": {
                  "uv": [
                    30,
                    7
                  ],
                  "uv_size": [
                    -2,
                    -1.5
                  ]
                }
              }
            },
            {
              "origin": [
                2.36053,
                1.95794,
                1.631
              ],
              "size": [
                0.962,
                0,
                1.443
              ],
              "pivot": [
                0,
                0,
                0
              ],
              "rotation": [
                0,
                0,
                22.5
              ],
              "uv": {
                "north": {
                  "uv": [
                    16,
                    0
                  ],
                  "uv_size": [
                    1,
                    0
                  ]
                },
                "east": {
                  "uv": [
                    16,
                    0
                  ],
                  "uv_size": [
                    2,
                    0
                  ]
                },
                "south": {
                  "uv": [
                    16,
                    0
                  ],
                  "uv_size": [
                    1,
                    0
                  ]
                },
                "west": {
                  "uv": [
                    16,
                    0
                  ],
                  "uv_size": [
                    2,
                    0
                  ]
                },
                "up": {
                  "uv": [
                    31,
                    7
                  ],
                  "uv_size": [
                    -3,
                    -1
                  ]
                },
                "down": {
                  "uv": [
                    30,
                    7
                  ],
                  "uv_size": [
                    -2,
                    -1.5
                  ]
                }
              }
            },
            {
              "origin": [
                3.80151,
                -0.99293,
                1.15
              ],
              "size": [
                0.962,
                0,
                1.443
              ],
              "pivot": [
                0,
                0,
                0
              ],
              "rotation": [
                0,
                0,
                -22.5
              ],
              "uv": {
                "north": {
                  "uv": [
                    17,
                    0
                  ],
                  "uv_size": [
                    -1,
                    0
                  ]
                },
                "east": {
                  "uv": [
                    18,
                    0
                  ],
                  "uv_size": [
                    -2,
                    0
                  ]
                },
                "south": {
                  "uv": [
                    17,
                    0
                  ],
                  "uv_size": [
                    -1,
                    0
                  ]
                },
                "west": {
                  "uv": [
                    18,
                    0
                  ],
                  "uv_size": [
                    -2,
                    0
                  ]
                },
                "up": {
                  "uv": [
                    31,
                    7
                  ],
                  "uv_size": [
                    -3,
                    -1
                  ]
                },
                "down": {
                  "uv": [
                    30,
                    7
                  ],
                  "uv_size": [
                    -2,
                    -1.5
                  ]
                }
              }
            }
          ]
        },
        {
          "name": "Big_Flower2",
          "parent": "Flowers2",
          "pivot": [
            0.5,
            0,
            1
          ],
          "cubes": [
            {
              "origin": [
                2.275,
                2.29758,
                2.34904
              ],
              "size": [
                1.95,
                0,
                1.3
              ],
              "pivot": [
                0,
                0,
                0
              ],
              "rotation": [
                -22.5,
                0,
                0
              ],
              "uv": {
                "north": {
                  "uv": [
                    16,
                    0
                  ],
                  "uv_size": [
                    2,
                    0
                  ]
                },
                "east": {
                  "uv": [
                    16,
                    0
                  ],
                  "uv_size": [
                    1,
                    0
                  ]
                },
                "south": {
                  "uv": [
                    16,
                    0
                  ],
                  "uv_size": [
                    2,
                    0
                  ]
                },
                "west": {
                  "uv": [
                    16,
                    0
                  ],
                  "uv_size": [
                    1,
                    0
                  ]
                },
                "up": {
                  "uv": [
                    31,
                    7
                  ],
                  "uv_size": [
                    -3,
                    -1
                  ]
                },
                "down": {
                  "uv": [
                    30,
                    7
                  ],
                  "uv_size": [
                    -2,
                    -1.5
                  ]
                }
              }
            },
            {
              "origin": [
                2.925,
                -0.9935,
                4.29632
              ],
              "size": [
                1.95,
                0,
                1.3
              ],
              "pivot": [
                0,
                0,
                0
              ],
              "rotation": [
                22.5,
                0,
                0
              ],
              "uv": {
                "north": {
                  "uv": [
                    18,
                    0
                  ],
                  "uv_size": [
                    -2,
                    0
                  ]
                },
                "east": {
                  "uv": [
                    17,
                    0
                  ],
                  "uv_size": [
                    -1,
                    0
                  ]
                },
                "south": {
                  "uv": [
                    18,
                    0
                  ],
                  "uv_size": [
                    -2,
                    0
                  ]
                },
                "west": {
                  "uv": [
                    17,
                    0
                  ],
                  "uv_size": [
                    -1,
                    0
                  ]
                },
                "up": {
                  "uv": [
                    31,
                    7
                  ],
                  "uv_size": [
                    -3,
                    -1
                  ]
                },
                "down": {
                  "uv": [
                    30,
                    7
                  ],
                  "uv_size": [
                    -2,
                    -1.5
                  ]
                }
              }
            },
            {
              "origin": [
                1.67923,
                2.02013,
                3.65
              ],
              "size": [
                1.3,
                0,
                1.95
              ],
              "pivot": [
                0,
                0,
                0
              ],
              "rotation": [
                0,
                0,
                22.5
              ],
              "uv": {
                "north": {
                  "uv": [
                    16,
                    0
                  ],
                  "uv_size": [
                    1,
                    0
                  ]
                },
                "east": {
                  "uv": [
                    16,
                    0
                  ],
                  "uv_size": [
                    2,
                    0
                  ]
                },
                "south": {
                  "uv": [
                    16,
                    0
                  ],
                  "uv_size": [
                    1,
                    0
                  ]
                },
                "west": {
                  "uv": [
                    16,
                    0
                  ],
                  "uv_size": [
                    2,
                    0
                  ]
                },
                "up": {
                  "uv": [
                    31,
                    7
                  ],
                  "uv_size": [
                    -3,
                    -1
                  ]
                },
                "down": {
                  "uv": [
                    30,
                    7
                  ],
                  "uv_size": [
                    -2,
                    -1.5
                  ]
                }
              }
            },
            {
              "origin": [
                3.62651,
                -0.71605,
                3
              ],
              "size": [
                1.3,
                0,
                1.95
              ],
              "pivot": [
                0,
                0,
                0
              ],
              "rotation": [
                0,
                0,
                -22.5
              ],
              "uv": {
                "north": {
                  "uv": [
                    17,
                    0
                  ],
                  "uv_size": [
                    -1,
                    0
                  ]
                },
                "east": {
                  "uv": [
                    18,
                    0
                  ],
                  "uv_size": [
                    -2,
                    0
                  ]
                },
                "south": {
                  "uv": [
                    17,
                    0
                  ],
                  "uv_size": [
                    -1,
                    0
                  ]
                },
                "west": {
                  "uv": [
                    18,
                    0
                  ],
                  "uv_size": [
                    -2,
                    0
                  ]
                },
                "up": {
                  "uv": [
                    31,
                    7
                  ],
                  "uv_size": [
                    -3,
                    -1
                  ]
                },
                "down": {
                  "uv": [
                    30,
                    7
                  ],
                  "uv_size": [
                    -2,
                    -1.5
                  ]
                }
              }
            }
          ]
        },
        {
          "name": "Flowers",
          "pivot": [
            -8,
            8,
            8
          ]
        },
        {
          "name": "SmallFlower",
          "parent": "Flowers",
          "pivot": [
            0.5,
            0,
            1
          ],
          "cubes": [
            {
              "origin": [
                -4.3365,
                1.29074,
                -1.71174
              ],
              "size": [
                1.443,
                0,
                0.962
              ],
              "pivot": [
                0,
                0,
                0
              ],
              "rotation": [
                22.5,
                0,
                0
              ],
              "uv": {
                "north": {
                  "uv": [
                    16,
                    0
                  ],
                  "uv_size": [
                    2,
                    0
                  ]
                },
                "east": {
                  "uv": [
                    16,
                    0
                  ],
                  "uv_size": [
                    1,
                    0
                  ]
                },
                "south": {
                  "uv": [
                    16,
                    0
                  ],
                  "uv_size": [
                    2,
                    0
                  ]
                },
                "west": {
                  "uv": [
                    16,
                    0
                  ],
                  "uv_size": [
                    1,
                    0
                  ]
                },
                "up": {
                  "uv": [
                    28,
                    6
                  ],
                  "uv_size": [
                    3,
                    1
                  ]
                },
                "down": {
                  "uv": [
                    28,
                    5.5
                  ],
                  "uv_size": [
                    2,
                    1.5
                  ]
                }
              }
            },
            {
              "origin": [
                -4.8175,
                -0.32572,
                -3.15273
              ],
              "size": [
                1.443,
                0,
                0.962
              ],
              "pivot": [
                0,
                0,
                0
              ],
              "rotation": [
                -22.5,
                0,
                0
              ],
              "uv": {
                "north": {
                  "uv": [
                    18,
                    0
                  ],
                  "uv_size": [
                    -2,
                    0
                  ]
                },
                "east": {
                  "uv": [
                    17,
                    0
                  ],
                  "uv_size": [
                    -1,
                    0
                  ]
                },
                "south": {
                  "uv": [
                    18,
                    0
                  ],
                  "uv_size": [
                    -2,
                    0
                  ]
                },
                "west": {
                  "uv": [
                    17,
                    0
                  ],
                  "uv_size": [
                    -1,
                    0
                  ]
                },
                "up": {
                  "uv": [
                    28,
                    6
                  ],
                  "uv_size": [
                    3,
                    1
                  ]
                },
                "down": {
                  "uv": [
                    28,
                    5.5
                  ],
                  "uv_size": [
                    2,
                    1.5
                  ]
                }
              }
            },
            {
              "origin": [
                -3.32253,
                1.95794,
                -3.074
              ],
              "size": [
                0.962,
                0,
                1.443
              ],
              "pivot": [
                0,
                0,
                0
              ],
              "rotation": [
                0,
                0,
                -22.5
              ],
              "uv": {
                "north": {
                  "uv": [
                    16,
                    0
                  ],
                  "uv_size": [
                    1,
                    0
                  ]
                },
                "east": {
                  "uv": [
                    16,
                    0
                  ],
                  "uv_size": [
                    2,
                    0
                  ]
                },
                "south": {
                  "uv": [
                    16,
                    0
                  ],
                  "uv_size": [
                    1,
                    0
                  ]
                },
                "west": {
                  "uv": [
                    16,
                    0
                  ],
                  "uv_size": [
                    2,
                    0
                  ]
                },
                "up": {
                  "uv": [
                    28,
                    6
                  ],
                  "uv_size": [
                    3,
                    1
                  ]
                },
                "down": {
                  "uv": [
                    28,
                    5.5
                  ],
                  "uv_size": [
                    2,
                    1.5
                  ]
                }
              }
            },
            {
              "origin": [
                -4.76351,
                -0.99293,
                -2.593
              ],
              "size": [
                0.962,
                0,
                1.443
              ],
              "pivot": [
                0,
                0,
                0
              ],
              "rotation": [
                0,
                0,
                22.5
              ],
              "uv": {
                "north": {
                  "uv": [
                    17,
                    0
                  ],
                  "uv_size": [
                    -1,
                    0
                  ]
                },
                "east": {
                  "uv": [
                    18,
                    0
                  ],
                  "uv_size": [
                    -2,
                    0
                  ]
                },
                "south": {
                  "uv": [
                    17,
                    0
                  ],
                  "uv_size": [
                    -1,
                    0
                  ]
                },
                "west": {
                  "uv": [
                    18,
                    0
                  ],
                  "uv_size": [
                    -2,
                    0
                  ]
                },
                "up": {
                  "uv": [
                    28,
                    6
                  ],
                  "uv_size": [
                    3,
                    1
                  ]
                },
                "down": {
                  "uv": [
                    28,
                    5.5
                  ],
                  "uv_size": [
                    2,
                    1.5
                  ]
                }
              }
            }
          ]
        },
        {
          "name": "BigFlower",
          "parent": "Flowers",
          "pivot": [
            0.5,
            0,
            1
          ],
          "cubes": [
            {
              "origin": [
                -4.225,
                2.29758,
                -3.64904
              ],
              "size": [
                1.95,
                0,
                1.3
              ],
              "pivot": [
                0,
                0,
                0
              ],
              "rotation": [
                22.5,
                0,
                0
              ],
              "uv": {
                "north": {
                  "uv": [
                    16,
                    0
                  ],
                  "uv_size": [
                    2,
                    0
                  ]
                },
                "east": {
                  "uv": [
                    16,
                    0
                  ],
                  "uv_size": [
                    1,
                    0
                  ]
                },
                "south": {
                  "uv": [
                    16,
                    0
                  ],
                  "uv_size": [
                    2,
                    0
                  ]
                },
                "west": {
                  "uv": [
                    16,
                    0
                  ],
                  "uv_size": [
                    1,
                    0
                  ]
                },
                "up": {
                  "uv": [
                    28,
                    6
                  ],
                  "uv_size": [
                    3,
                    1
                  ]
                },
                "down": {
                  "uv": [
                    28,
                    5.5
                  ],
                  "uv_size": [
                    2,
                    1.5
                  ]
                }
              }
            },
            {
              "origin": [
                -4.875,
                -0.9935,
                -5.59632
              ],
              "size": [
                1.95,
                0,
                1.3
              ],
              "pivot": [
                0,
                0,
                0
              ],
              "rotation": [
                -22.5,
                0,
                0
              ],
              "uv": {
                "north": {
                  "uv": [
                    18,
                    0
                  ],
                  "uv_size": [
                    -2,
                    0
                  ]
                },
                "east": {
                  "uv": [
                    17,
                    0
                  ],
                  "uv_size": [
                    -1,
                    0
                  ]
                },
                "south": {
                  "uv": [
                    18,
                    0
                  ],
                  "uv_size": [
                    -2,
                    0
                  ]
                },
                "west": {
                  "uv": [
                    17,
                    0
                  ],
                  "uv_size": [
                    -1,
                    0
                  ]
                },
                "up": {
                  "uv": [
                    28,
                    6
                  ],
                  "uv_size": [
                    3,
                    1
                  ]
                },
                "down": {
                  "uv": [
                    28,
                    5.5
                  ],
                  "uv_size": [
                    2,
                    1.5
                  ]
                }
              }
            },
            {
              "origin": [
                -2.97923,
                2.02013,
                -5.6
              ],
              "size": [
                1.3,
                0,
                1.95
              ],
              "pivot": [
                0,
                0,
                0
              ],
              "rotation": [
                0,
                0,
                -22.5
              ],
              "uv": {
                "north": {
                  "uv": [
                    16,
                    0
                  ],
                  "uv_size": [
                    1,
                    0
                  ]
                },
                "east": {
                  "uv": [
                    16,
                    0
                  ],
                  "uv_size": [
                    2,
                    0
                  ]
                },
                "south": {
                  "uv": [
                    16,
                    0
                  ],
                  "uv_size": [
                    1,
                    0
                  ]
                },
                "west": {
                  "uv": [
                    16,
                    0
                  ],
                  "uv_size": [
                    2,
                    0
                  ]
                },
                "up": {
                  "uv": [
                    28,
                    6
                  ],
                  "uv_size": [
                    3,
                    1
                  ]
                },
                "down": {
                  "uv": [
                    28,
                    5.5
                  ],
                  "uv_size": [
                    2,
                    1.5
                  ]
                }
              }
            },
            {
              "origin": [
                -4.92651,
                -0.71605,
                -4.95
              ],
              "size": [
                1.3,
                0,
                1.95
              ],
              "pivot": [
                0,
                0,
                0
              ],
              "rotation": [
                0,
                0,
                22.5
              ],
              "uv": {
                "north": {
                  "uv": [
                    17,
                    0
                  ],
                  "uv_size": [
                    -1,
                    0
                  ]
                },
                "east": {
                  "uv": [
                    18,
                    0
                  ],
                  "uv_size": [
                    -2,
                    0
                  ]
                },
                "south": {
                  "uv": [
                    17,
                    0
                  ],
                  "uv_size": [
                    -1,
                    0
                  ]
                },
                "west": {
                  "uv": [
                    18,
                    0
                  ],
                  "uv_size": [
                    -2,
                    0
                  ]
                },
                "up": {
                  "uv": [
                    28,
                    6
                  ],
                  "uv_size": [
                    3,
                    1
                  ]
                },
                "down": {
                  "uv": [
                    28,
                    5.5
                  ],
                  "uv_size": [
                    2,
                    1.5
                  ]
                }
              }
            }
          ]
        },
        {
          "name": "bone",
          "pivot": [
            0,
            0,
            0
          ],
          "cubes": [
            {
              "origin": [
                -2.25,
                0.5625,
                -3.25
              ],
              "size": [
                7,
                0,
                9
              ],
              "uv": {
                "north": {
                  "uv": [
                    19,
                    8
                  ],
                  "uv_size": [
                    8.5,
                    3.25
                  ]
                },
                "east": {
                  "uv": [
                    19,
                    8
                  ],
                  "uv_size": [
                    8.5,
                    3.25
                  ]
                },
                "south": {
                  "uv": [
                    19,
                    8
                  ],
                  "uv_size": [
                    8.5,
                    3.25
                  ]
                },
                "west": {
                  "uv": [
                    19,
                    8
                  ],
                  "uv_size": [
                    8.5,
                    3.25
                  ]
                },
                "up": {
                  "uv": [
                    28,
                    14
                  ],
                  "uv_size": [
                    -9.5,
                    -6
                  ]
                },
                "down": {
                  "uv": [
                    27.5,
                    11.25
                  ],
                  "uv_size": [
                    -8.5,
                    -3.25
                  ]
                }
              }
            },
            {
              "origin": [
                -4.75,
                0.5625,
                -5.75
              ],
              "size": [
                7,
                0,
                9
              ],
              "uv": {
                "north": {
                  "uv": [
                    19,
                    8
                  ],
                  "uv_size": [
                    8.5,
                    3.25
                  ]
                },
                "east": {
                  "uv": [
                    19,
                    8
                  ],
                  "uv_size": [
                    8.5,
                    3.25
                  ]
                },
                "south": {
                  "uv": [
                    19,
                    8
                  ],
                  "uv_size": [
                    8.5,
                    3.25
                  ]
                },
                "west": {
                  "uv": [
                    19,
                    8
                  ],
                  "uv_size": [
                    8.5,
                    3.25
                  ]
                },
                "up": {
                  "uv": [
                    18.5,
                    8
                  ],
                  "uv_size": [
                    9.5,
                    6
                  ]
                },
                "down": {
                  "uv": [
                    19,
                    8
                  ],
                  "uv_size": [
                    8.5,
                    3.25
                  ]
                }
              }
            }
          ]
        }
      ]
    }
  ]
}