{
  "format_version": "1.12.0",
  "minecraft:geometry": [
    {
      "description": {
        "identifier": "geometry.pa_milkshake",
        "texture_width": 64,
        "texture_height": 32,
        "visible_bounds_width": 2,
        "visible_bounds_height": 2.5,
        "visible_bounds_offset": [
          0,
          0.75,
          0
        ]
      },
      "bones": [
        {
          "name": "bone",
          "pivot": [
            8,
            0,
            -8
          ],
          "cubes": [
            {
              "origin": [
                -3.5,
                0,
                -3.5
              ],
              "size": [
                7,
                8,
                7
              ],
              "uv": {
                "north": {
                  "uv": [
                    19,
                    24
                  ],
                  "uv_size": [
                    7,
                    8
                  ]
                },
                "east": {
                  "uv": [
                    26,
                    24
                  ],
                  "uv_size": [
                    -7,
                    8
                  ]
                },
                "south": {
                  "uv": [
                    19,
                    24
                  ],
                  "uv_size": [
                    7,
                    8
                  ]
                },
                "west": {
                  "uv": [
                    26,
                    24
                  ],
                  "uv_size": [
                    -7,
                    8
                  ]
                },
                "up": {
                  "uv": [
                    26,
                    17
                  ],
                  "uv_size": [
                    -7,
                    7
                  ]
                },
                "down": {
                  "uv": [
                    26,
                    24
                  ],
                  "uv_size": [
                    -7,
                    -7
                  ]
                }
              }
            },
            {
              "origin": [
                -3.25,
                0.25,
                -3.25
              ],
              "size": [
                6.5,
                7.5,
                6.5
              ],
              "uv": {
                "north": {
                  "uv": [
                    26,
                    17
                  ],
                  "uv_size": [
                    6,
                    7
                  ]
                },
                "east": {
                  "uv": [
                    26,
                    17
                  ],
                  "uv_size": [
                    6,
                    7
                  ]
                },
                "south": {
                  "uv": [
                    26,
                    17
                  ],
                  "uv_size": [
                    6,
                    7
                  ]
                },
                "west": {
                  "uv": [
                    26,
                    17
                  ],
                  "uv_size": [
                    6,
                    7
                  ]
                },
                "up": {
                  "uv": [
                    32,
                    16
                  ],
                  "uv_size": [
                    -6,
                    -6
                  ]
                },
                "down": {
                  "uv": [
                    32,
                    16
                  ],
                  "uv_size": [
                    -6,
                    -6
                  ]
                }
              }
            },
            {
              "origin": [
                -2.55,
                7.95,
                -2.55
              ],
              "size": [
                5.1,
                2.1,
                5.1
              ],
              "uv": {
                "north": {
                  "uv": [
                    55,
                    7
                  ],
                  "uv_size": [
                    -5,
                    -2
                  ]
                },
                "east": {
                  "uv": [
                    50,
                    7
                  ],
                  "uv_size": [
                    5,
                    -2
                  ]
                },
                "south": {
                  "uv": [
                    55,
                    7
                  ],
                  "uv_size": [
                    -5,
                    -2
                  ]
                },
                "west": {
                  "uv": [
                    50,
                    7
                  ],
                  "uv_size": [
                    5,
                    -2
                  ]
                },
                "up": {
                  "uv": [
                    55,
                    5
                  ],
                  "uv_size": [
                    -5,
                    -5
                  ]
                },
                "down": {
                  "uv": [
                    55,
                    5
                  ],
                  "uv_size": [
                    -5,
                    -5
                  ]
                }
              }
            },
            {
              "origin": [
                -2.6,
                8.4,
                -2.6
              ],
              "size": [
                5.2,
                2.2,
                5.2
              ],
              "uv": {
                "north": {
                  "uv": [
                    50,
                    6
                  ],
                  "uv_size": [
                    -6,
                    3
                  ]
                },
                "east": {
                  "uv": [
                    44,
                    6
                  ],
                  "uv_size": [
                    6,
                    3
                  ]
                },
                "south": {
                  "uv": [
                    50,
                    6
                  ],
                  "uv_size": [
                    -6,
                    3
                  ]
                },
                "west": {
                  "uv": [
                    44,
                    6
                  ],
                  "uv_size": [
                    6,
                    3
                  ]
                },
                "up": {
                  "uv": [
                    50,
                    6
                  ],
                  "uv_size": [
                    -6,
                    -6
                  ]
                },
                "down": {
                  "uv": [
                    50,
                    6
                  ],
                  "uv_size": [
                    -6,
                    -6
                  ]
                }
              }
            },
            {
              "origin": [
                -2.5,
                9.5,
                -2.5
              ],
              "size": [
                5,
                0,
                5
              ],
              "uv": {
                "north": {
                  "uv": [
                    0,
                    0
                  ],
                  "uv_size": [
                    5,
                    0
                  ]
                },
                "east": {
                  "uv": [
                    0,
                    0
                  ],
                  "uv_size": [
                    5,
                    0
                  ]
                },
                "south": {
                  "uv": [
                    0,
                    0
                  ],
                  "uv_size": [
                    5,
                    0
                  ]
                },
                "west": {
                  "uv": [
                    0,
                    0
                  ],
                  "uv_size": [
                    5,
                    0
                  ]
                },
                "up": {
                  "uv": [
                    32,
                    16
                  ],
                  "uv_size": [
                    -5,
                    -5
                  ]
                },
                "down": {
                  "uv": [
                    32,
                    16
                  ],
                  "uv_size": [
                    -5,
                    -5
                  ]
                }
              }
            },
            {
              "origin": [
                0.32957,
                1,
                -0.4525
              ],
              "size": [
                1,
                16,
                1
              ],
              "pivot": [
                0,
                0,
                0
              ],
              "rotation": [
                0,
                -22.5,
                0
              ],
              "uv": {
                "north": {
                  "uv": [
                    0,
                    14
                  ],
                  "uv_size": [
                    1,
                    16
                  ]
                },
                "east": {
                  "uv": [
                    0,
                    14
                  ],
                  "uv_size": [
                    1,
                    16
                  ]
                },
                "south": {
                  "uv": [
                    0,
                    14
                  ],
                  "uv_size": [
                    1,
                    16
                  ]
                },
                "west": {
                  "uv": [
                    0,
                    14
                  ],
                  "uv_size": [
                    1,
                    16
                  ]
                },
                "up": {
                  "uv": [
                    1,
                    15
                  ],
                  "uv_size": [
                    -1,
                    -1
                  ]
                },
                "down": {
                  "uv": [
                    1,
                    15
                  ],
                  "uv_size": [
                    -1,
                    -1
                  ]
                }
              }
            },
            {
              "origin": [
                -3.10896,
                0.06147,
                -1
              ],
              "size": [
                1,
                16,
                1
              ],
              "pivot": [
                0,
                0,
                0
              ],
              "rotation": [
                0,
                0,
                22.5
              ],
              "uv": {
                "north": {
                  "uv": [
                    1,
                    14
                  ],
                  "uv_size": [
                    1,
                    16
                  ]
                },
                "east": {
                  "uv": [
                    1,
                    14
                  ],
                  "uv_size": [
                    1,
                    16
                  ]
                },
                "south": {
                  "uv": [
                    1,
                    14
                  ],
                  "uv_size": [
                    1,
                    16
                  ]
                },
                "west": {
                  "uv": [
                    1,
                    14
                  ],
                  "uv_size": [
                    1,
                    16
                  ]
                },
                "up": {
                  "uv": [
                    1,
                    15
                  ],
                  "uv_size": [
                    -1,
                    -1
                  ]
                },
                "down": {
                  "uv": [
                    1,
                    15
                  ],
                  "uv_size": [
                    -1,
                    -1
                  ]
                }
              }
            },
            {
              "origin": [
                -6,
                1.5,
                0
              ],
              "size": [
                3,
                6,
                0
              ],
              "uv": {
                "north": {
                  "uv": [
                    16,
                    11
                  ],
                  "uv_size": [
                    -3,
                    6
                  ]
                },
                "east": {
                  "uv": [
                    0,
                    0
                  ],
                  "uv_size": [
                    0,
                    6
                  ]
                },
                "south": {
                  "uv": [
                    13,
                    11
                  ],
                  "uv_size": [
                    3,
                    6
                  ]
                },
                "west": {
                  "uv": [
                    0,
                    0
                  ],
                  "uv_size": [
                    0,
                    6
                  ]
                },
                "up": {
                  "uv": [
                    3,
                    0
                  ],
                  "uv_size": [
                    -3,
                    0
                  ]
                },
                "down": {
                  "uv": [
                    3,
                    0
                  ],
                  "uv_size": [
                    -3,
                    0
                  ]
                }
              }
            }
          ]
        }
      ]
    }
  ]
}