{
  "format_version": "1.12.0",
  "minecraft:geometry": [
    {
      "description": {
        "identifier": "geometry.pa_oven",
        "texture_width": 168,
        "texture_height": 120,
        "visible_bounds_width": 2,
        "visible_bounds_height": 2.5,
        "visible_bounds_offset": [
          0,
          0.75,
          0
        ]
      },
      "bones": [
        {
          "name": "group",
          "pivot": [
            7.23463,
            -1.15224,
            -8
          ],
          "cubes": [
            {
              "origin": [
                -7.50461,
                -2.06306,
                -5
              ],
              "size": [
                2,
                2,
                11
              ],
              "pivot": [
                0,
                0,
                0
              ],
              "rotation": [
                0,
                0,
                45
              ],
              "uv": {
                "north": {
                  "uv": [
                    66.5,
                    41.25
                  ],
                  "uv_size": [
                    7,
                    7.5
                  ]
                },
                "east": {
                  "uv": [
                    56,
                    60
                  ],
                  "uv_size": [
                    38.5,
                    7.5
                  ]
                },
                "south": {
                  "uv": [
                    56,
                    60
                  ],
                  "uv_size": [
                    7,
                    7.5
                  ]
                },
                "west": {
                  "uv": [
                    56,
                    60
                  ],
                  "uv_size": [
                    38.5,
                    7.5
                  ]
                },
                "up": {
                  "uv": [
                    63,
                    101.25
                  ],
                  "uv_size": [
                    -7,
                    -41.25
                  ]
                },
                "down": {
                  "uv": [
                    63,
                    60
                  ],
                  "uv_size": [
                    -7,
                    -26.25
                  ]
                }
              }
            },
            {
              "origin": [
                -7.50461,
                -2.06306,
                6
              ],
              "size": [
                2,
                2,
                1
              ],
              "pivot": [
                0,
                0,
                0
              ],
              "rotation": [
                0,
                0,
                45
              ],
              "uv": {
                "north": {
                  "uv": [
                    56,
                    60
                  ],
                  "uv_size": [
                    2,
                    2
                  ]
                },
                "east": {
                  "uv": [
                    56,
                    60
                  ],
                  "uv_size": [
                    1,
                    2
                  ]
                },
                "south": {
                  "uv": [
                    56,
                    60
                  ],
                  "uv_size": [
                    2,
                    2
                  ]
                },
                "west": {
                  "uv": [
                    56,
                    60
                  ],
                  "uv_size": [
                    1,
                    2
                  ]
                },
                "up": {
                  "uv": [
                    58,
                    61
                  ],
                  "uv_size": [
                    -2,
                    -1
                  ]
                },
                "down": {
                  "uv": [
                    58,
                    61
                  ],
                  "uv_size": [
                    -2,
                    -1
                  ]
                }
              }
            },
            {
              "origin": [
                -5.35115,
                12.26197,
                -5
              ],
              "size": [
                11,
                2,
                11
              ],
              "uv": {
                "north": {
                  "uv": [
                    59.5,
                    37.5
                  ],
                  "uv_size": [
                    38.5,
                    7.5
                  ]
                },
                "east": {
                  "uv": [
                    56,
                    60
                  ],
                  "uv_size": [
                    38.5,
                    7.5
                  ]
                },
                "south": {
                  "uv": [
                    56,
                    60
                  ],
                  "uv_size": [
                    38.5,
                    7.5
                  ]
                },
                "west": {
                  "uv": [
                    56,
                    60
                  ],
                  "uv_size": [
                    38.5,
                    7.5
                  ]
                },
                "up": {
                  "uv": [
                    94.5,
                    60
                  ],
                  "uv_size": [
                    -38.5,
                    -30
                  ]
                },
                "down": {
                  "uv": [
                    94.5,
                    101.25
                  ],
                  "uv_size": [
                    -38.5,
                    -41.25
                  ]
                }
              }
            },
            {
              "origin": [
                -5.35115,
                12.26197,
                6
              ],
              "size": [
                11,
                2,
                1
              ],
              "uv": {
                "north": {
                  "uv": [
                    56,
                    60
                  ],
                  "uv_size": [
                    11,
                    2
                  ]
                },
                "east": {
                  "uv": [
                    56,
                    60
                  ],
                  "uv_size": [
                    1,
                    2
                  ]
                },
                "south": {
                  "uv": [
                    56,
                    60
                  ],
                  "uv_size": [
                    11,
                    2
                  ]
                },
                "west": {
                  "uv": [
                    56,
                    60
                  ],
                  "uv_size": [
                    1,
                    2
                  ]
                },
                "up": {
                  "uv": [
                    67,
                    61
                  ],
                  "uv_size": [
                    -11,
                    -1
                  ]
                },
                "down": {
                  "uv": [
                    67,
                    61
                  ],
                  "uv_size": [
                    -11,
                    -1
                  ]
                }
              }
            },
            {
              "origin": [
                5.71511,
                -2.27356,
                -5
              ],
              "size": [
                2,
                2,
                11
              ],
              "pivot": [
                0,
                0,
                0
              ],
              "rotation": [
                0,
                0,
                -45
              ],
              "uv": {
                "north": {
                  "uv": [
                    70,
                    37.5
                  ],
                  "uv_size": [
                    7,
                    7.5
                  ]
                },
                "east": {
                  "uv": [
                    56,
                    60
                  ],
                  "uv_size": [
                    38.5,
                    7.5
                  ]
                },
                "south": {
                  "uv": [
                    56,
                    60
                  ],
                  "uv_size": [
                    7,
                    7.5
                  ]
                },
                "west": {
                  "uv": [
                    56,
                    60
                  ],
                  "uv_size": [
                    38.5,
                    7.5
                  ]
                },
                "up": {
                  "uv": [
                    63,
                    101.25
                  ],
                  "uv_size": [
                    -7,
                    -41.25
                  ]
                },
                "down": {
                  "uv": [
                    63,
                    60
                  ],
                  "uv_size": [
                    -7,
                    -30
                  ]
                }
              }
            },
            {
              "origin": [
                5.71511,
                -2.27356,
                6
              ],
              "size": [
                2,
                2,
                1
              ],
              "pivot": [
                0,
                0,
                0
              ],
              "rotation": [
                0,
                0,
                -45
              ],
              "uv": {
                "north": {
                  "uv": [
                    56,
                    60
                  ],
                  "uv_size": [
                    2,
                    2
                  ]
                },
                "east": {
                  "uv": [
                    56,
                    60
                  ],
                  "uv_size": [
                    1,
                    2
                  ]
                },
                "south": {
                  "uv": [
                    56,
                    60
                  ],
                  "uv_size": [
                    2,
                    2
                  ]
                },
                "west": {
                  "uv": [
                    56,
                    60
                  ],
                  "uv_size": [
                    1,
                    2
                  ]
                },
                "up": {
                  "uv": [
                    58,
                    61
                  ],
                  "uv_size": [
                    -2,
                    -1
                  ]
                },
                "down": {
                  "uv": [
                    58,
                    61
                  ],
                  "uv_size": [
                    -2,
                    -1
                  ]
                }
              }
            },
            {
              "origin": [
                5.06306,
                3.84776,
                -5
              ],
              "size": [
                2,
                9,
                11
              ],
              "uv": {
                "north": {
                  "uv": [
                    101.5,
                    0
                  ],
                  "uv_size": [
                    -7,
                    33.75
                  ]
                },
                "east": {
                  "uv": [
                    56,
                    60
                  ],
                  "uv_size": [
                    38.5,
                    33.75
                  ]
                },
                "south": {
                  "uv": [
                    56,
                    60
                  ],
                  "uv_size": [
                    7,
                    33.75
                  ]
                },
                "west": {
                  "uv": [
                    56,
                    33.75
                  ],
                  "uv_size": [
                    35,
                    26.25
                  ]
                },
                "up": {
                  "uv": [
                    63,
                    101.25
                  ],
                  "uv_size": [
                    -7,
                    -41.25
                  ]
                },
                "down": {
                  "uv": [
                    63,
                    101.25
                  ],
                  "uv_size": [
                    -7,
                    -41.25
                  ]
                }
              }
            },
            {
              "origin": [
                5.06306,
                3.84776,
                6
              ],
              "size": [
                2,
                9,
                1
              ],
              "uv": {
                "north": {
                  "uv": [
                    56,
                    60
                  ],
                  "uv_size": [
                    2,
                    9
                  ]
                },
                "east": {
                  "uv": [
                    56,
                    60
                  ],
                  "uv_size": [
                    1,
                    9
                  ]
                },
                "south": {
                  "uv": [
                    56,
                    60
                  ],
                  "uv_size": [
                    2,
                    9
                  ]
                },
                "west": {
                  "uv": [
                    56,
                    60
                  ],
                  "uv_size": [
                    1,
                    9
                  ]
                },
                "up": {
                  "uv": [
                    58,
                    61
                  ],
                  "uv_size": [
                    -2,
                    -1
                  ]
                },
                "down": {
                  "uv": [
                    58,
                    61
                  ],
                  "uv_size": [
                    -2,
                    -1
                  ]
                }
              }
            },
            {
              "origin": [
                -5.35115,
                2.43355,
                -5
              ],
              "size": [
                11,
                2,
                11
              ],
              "uv": {
                "north": {
                  "uv": [
                    56,
                    0
                  ],
                  "uv_size": [
                    38.5,
                    7.5
                  ]
                },
                "east": {
                  "uv": [
                    56,
                    60
                  ],
                  "uv_size": [
                    38.5,
                    7.5
                  ]
                },
                "south": {
                  "uv": [
                    56,
                    60
                  ],
                  "uv_size": [
                    38.5,
                    7.5
                  ]
                },
                "west": {
                  "uv": [
                    56,
                    60
                  ],
                  "uv_size": [
                    38.5,
                    7.5
                  ]
                },
                "up": {
                  "uv": [
                    94.5,
                    101.25
                  ],
                  "uv_size": [
                    -38.5,
                    -41.25
                  ]
                },
                "down": {
                  "uv": [
                    94.5,
                    60
                  ],
                  "uv_size": [
                    -38.5,
                    -26.25
                  ]
                }
              }
            },
            {
              "origin": [
                -5.35115,
                2.43355,
                -5
              ],
              "size": [
                11,
                10,
                1
              ],
              "uv": {
                "north": {
                  "uv": [
                    56,
                    33.75
                  ],
                  "uv_size": [
                    38.5,
                    26.25
                  ]
                },
                "east": {
                  "uv": [
                    56,
                    60
                  ],
                  "uv_size": [
                    3.5,
                    37.5
                  ]
                },
                "south": {
                  "uv": [
                    56,
                    60
                  ],
                  "uv_size": [
                    38.5,
                    37.5
                  ]
                },
                "west": {
                  "uv": [
                    56,
                    60
                  ],
                  "uv_size": [
                    3.5,
                    37.5
                  ]
                },
                "up": {
                  "uv": [
                    94.5,
                    63.75
                  ],
                  "uv_size": [
                    -38.5,
                    -3.75
                  ]
                },
                "down": {
                  "uv": [
                    38.5,
                    105
                  ],
                  "uv_size": [
                    -38.5,
                    15
                  ]
                }
              }
            },
            {
              "origin": [
                -5.35115,
                2.43355,
                6
              ],
              "size": [
                11,
                2,
                1
              ],
              "uv": {
                "north": {
                  "uv": [
                    56,
                    60
                  ],
                  "uv_size": [
                    11,
                    2
                  ]
                },
                "east": {
                  "uv": [
                    56,
                    60
                  ],
                  "uv_size": [
                    1,
                    2
                  ]
                },
                "south": {
                  "uv": [
                    56,
                    60
                  ],
                  "uv_size": [
                    11,
                    2
                  ]
                },
                "west": {
                  "uv": [
                    56,
                    60
                  ],
                  "uv_size": [
                    1,
                    2
                  ]
                },
                "up": {
                  "uv": [
                    67,
                    61
                  ],
                  "uv_size": [
                    -11,
                    -1
                  ]
                },
                "down": {
                  "uv": [
                    67,
                    61
                  ],
                  "uv_size": [
                    -11,
                    -1
                  ]
                }
              }
            },
            {
              "origin": [
                -5.35115,
                4.43355,
                6
              ],
              "size": [
                11,
                8,
                1
              ],
              "uv": {
                "north": {
                  "uv": [
                    56,
                    0
                  ],
                  "uv_size": [
                    38.5,
                    30
                  ]
                },
                "east": {
                  "uv": [
                    56,
                    60
                  ],
                  "uv_size": [
                    3.5,
                    30
                  ]
                },
                "south": {
                  "uv": [
                    56,
                    0
                  ],
                  "uv_size": [
                    38.5,
                    30
                  ]
                },
                "west": {
                  "uv": [
                    56,
                    60
                  ],
                  "uv_size": [
                    3.5,
                    30
                  ]
                },
                "up": {
                  "uv": [
                    94.5,
                    63.75
                  ],
                  "uv_size": [
                    -38.5,
                    -3.75
                  ]
                },
                "down": {
                  "uv": [
                    94.5,
                    63.75
                  ],
                  "uv_size": [
                    -38.5,
                    -3.75
                  ]
                }
              }
            },
            {
              "origin": [
                12.07908,
                4.0904,
                -5
              ],
              "size": [
                2,
                2,
                11
              ],
              "pivot": [
                0,
                0,
                0
              ],
              "rotation": [
                0,
                0,
                -45
              ],
              "uv": {
                "north": {
                  "uv": [
                    73.5,
                    33.75
                  ],
                  "uv_size": [
                    7,
                    7.5
                  ]
                },
                "east": {
                  "uv": [
                    56,
                    60
                  ],
                  "uv_size": [
                    38.5,
                    7.5
                  ]
                },
                "south": {
                  "uv": [
                    56,
                    60
                  ],
                  "uv_size": [
                    7,
                    7.5
                  ]
                },
                "west": {
                  "uv": [
                    56,
                    45
                  ],
                  "uv_size": [
                    38.5,
                    7.5
                  ]
                },
                "up": {
                  "uv": [
                    63,
                    101.25
                  ],
                  "uv_size": [
                    -7,
                    -41.25
                  ]
                },
                "down": {
                  "uv": [
                    63,
                    101.25
                  ],
                  "uv_size": [
                    -7,
                    -41.25
                  ]
                }
              }
            },
            {
              "origin": [
                12.07908,
                4.0904,
                6
              ],
              "size": [
                2,
                2,
                1
              ],
              "pivot": [
                0,
                0,
                0
              ],
              "rotation": [
                0,
                0,
                -45
              ],
              "uv": {
                "north": {
                  "uv": [
                    56,
                    60
                  ],
                  "uv_size": [
                    2,
                    2
                  ]
                },
                "east": {
                  "uv": [
                    56,
                    60
                  ],
                  "uv_size": [
                    1,
                    2
                  ]
                },
                "south": {
                  "uv": [
                    56,
                    60
                  ],
                  "uv_size": [
                    2,
                    2
                  ]
                },
                "west": {
                  "uv": [
                    56,
                    60
                  ],
                  "uv_size": [
                    1,
                    2
                  ]
                },
                "up": {
                  "uv": [
                    58,
                    61
                  ],
                  "uv_size": [
                    -2,
                    -1
                  ]
                },
                "down": {
                  "uv": [
                    58,
                    61
                  ],
                  "uv_size": [
                    -2,
                    -1
                  ]
                }
              }
            },
            {
              "origin": [
                -13.86857,
                4.3009,
                -5
              ],
              "size": [
                2,
                2,
                11
              ],
              "pivot": [
                0,
                0,
                0
              ],
              "rotation": [
                0,
                0,
                45
              ],
              "uv": {
                "north": {
                  "uv": [
                    63,
                    33.75
                  ],
                  "uv_size": [
                    7,
                    7.5
                  ]
                },
                "east": {
                  "uv": [
                    56,
                    56.25
                  ],
                  "uv_size": [
                    38.5,
                    -7.5
                  ]
                },
                "south": {
                  "uv": [
                    56,
                    60
                  ],
                  "uv_size": [
                    7,
                    7.5
                  ]
                },
                "west": {
                  "uv": [
                    56,
                    60
                  ],
                  "uv_size": [
                    38.5,
                    7.5
                  ]
                },
                "up": {
                  "uv": [
                    63,
                    101.25
                  ],
                  "uv_size": [
                    -7,
                    -41.25
                  ]
                },
                "down": {
                  "uv": [
                    63,
                    101.25
                  ],
                  "uv_size": [
                    -7,
                    -41.25
                  ]
                }
              }
            },
            {
              "origin": [
                -13.86857,
                4.3009,
                6
              ],
              "size": [
                2,
                2,
                1
              ],
              "pivot": [
                0,
                0,
                0
              ],
              "rotation": [
                0,
                0,
                45
              ],
              "uv": {
                "north": {
                  "uv": [
                    56,
                    60
                  ],
                  "uv_size": [
                    2,
                    2
                  ]
                },
                "east": {
                  "uv": [
                    56,
                    60
                  ],
                  "uv_size": [
                    1,
                    2
                  ]
                },
                "south": {
                  "uv": [
                    56,
                    60
                  ],
                  "uv_size": [
                    2,
                    2
                  ]
                },
                "west": {
                  "uv": [
                    56,
                    60
                  ],
                  "uv_size": [
                    1,
                    2
                  ]
                },
                "up": {
                  "uv": [
                    58,
                    61
                  ],
                  "uv_size": [
                    -2,
                    -1
                  ]
                },
                "down": {
                  "uv": [
                    58,
                    61
                  ],
                  "uv_size": [
                    -2,
                    -1
                  ]
                }
              }
            },
            {
              "origin": [
                -6.76537,
                3.84776,
                -5
              ],
              "size": [
                2,
                9,
                11
              ],
              "uv": {
                "north": {
                  "uv": [
                    98,
                    18.75
                  ],
                  "uv_size": [
                    7,
                    33.75
                  ]
                },
                "east": {
                  "uv": [
                    56,
                    30
                  ],
                  "uv_size": [
                    38.5,
                    30
                  ]
                },
                "south": {
                  "uv": [
                    56,
                    60
                  ],
                  "uv_size": [
                    7,
                    33.75
                  ]
                },
                "west": {
                  "uv": [
                    56,
                    60
                  ],
                  "uv_size": [
                    38.5,
                    33.75
                  ]
                },
                "up": {
                  "uv": [
                    63,
                    101.25
                  ],
                  "uv_size": [
                    -7,
                    -41.25
                  ]
                },
                "down": {
                  "uv": [
                    63,
                    101.25
                  ],
                  "uv_size": [
                    -7,
                    -41.25
                  ]
                }
              }
            },
            {
              "origin": [
                -6.76537,
                3.84776,
                6
              ],
              "size": [
                2,
                9,
                1
              ],
              "uv": {
                "north": {
                  "uv": [
                    56,
                    60
                  ],
                  "uv_size": [
                    2,
                    9
                  ]
                },
                "east": {
                  "uv": [
                    56,
                    60
                  ],
                  "uv_size": [
                    1,
                    9
                  ]
                },
                "south": {
                  "uv": [
                    56,
                    60
                  ],
                  "uv_size": [
                    2,
                    9
                  ]
                },
                "west": {
                  "uv": [
                    56,
                    60
                  ],
                  "uv_size": [
                    1,
                    9
                  ]
                },
                "up": {
                  "uv": [
                    58,
                    61
                  ],
                  "uv_size": [
                    -2,
                    -1
                  ]
                },
                "down": {
                  "uv": [
                    58,
                    61
                  ],
                  "uv_size": [
                    -2,
                    -1
                  ]
                }
              }
            },
            {
              "origin": [
                3,
                0,
                2
              ],
              "size": [
                2,
                3,
                2
              ],
              "uv": {
                "north": {
                  "uv": [
                    56,
                    60
                  ],
                  "uv_size": [
                    2,
                    3
                  ]
                },
                "east": {
                  "uv": [
                    56,
                    60
                  ],
                  "uv_size": [
                    2,
                    3
                  ]
                },
                "south": {
                  "uv": [
                    56,
                    60
                  ],
                  "uv_size": [
                    2,
                    3
                  ]
                },
                "west": {
                  "uv": [
                    56,
                    60
                  ],
                  "uv_size": [
                    2,
                    3
                  ]
                },
                "up": {
                  "uv": [
                    58,
                    62
                  ],
                  "uv_size": [
                    -2,
                    -2
                  ]
                },
                "down": {
                  "uv": [
                    58,
                    62
                  ],
                  "uv_size": [
                    -2,
                    -2
                  ]
                }
              }
            },
            {
              "origin": [
                -5,
                0,
                2
              ],
              "size": [
                2,
                3,
                2
              ],
              "uv": {
                "north": {
                  "uv": [
                    56,
                    60
                  ],
                  "uv_size": [
                    2,
                    3
                  ]
                },
                "east": {
                  "uv": [
                    56,
                    60
                  ],
                  "uv_size": [
                    2,
                    3
                  ]
                },
                "south": {
                  "uv": [
                    56,
                    60
                  ],
                  "uv_size": [
                    2,
                    3
                  ]
                },
                "west": {
                  "uv": [
                    56,
                    60
                  ],
                  "uv_size": [
                    2,
                    3
                  ]
                },
                "up": {
                  "uv": [
                    58,
                    62
                  ],
                  "uv_size": [
                    -2,
                    -2
                  ]
                },
                "down": {
                  "uv": [
                    58,
                    62
                  ],
                  "uv_size": [
                    -2,
                    -2
                  ]
                }
              }
            },
            {
              "origin": [
                -5,
                0,
                -4
              ],
              "size": [
                2,
                3,
                2
              ],
              "uv": {
                "north": {
                  "uv": [
                    56,
                    60
                  ],
                  "uv_size": [
                    2,
                    3
                  ]
                },
                "east": {
                  "uv": [
                    56,
                    60
                  ],
                  "uv_size": [
                    2,
                    3
                  ]
                },
                "south": {
                  "uv": [
                    56,
                    60
                  ],
                  "uv_size": [
                    2,
                    3
                  ]
                },
                "west": {
                  "uv": [
                    56,
                    60
                  ],
                  "uv_size": [
                    2,
                    3
                  ]
                },
                "up": {
                  "uv": [
                    58,
                    62
                  ],
                  "uv_size": [
                    -2,
                    -2
                  ]
                },
                "down": {
                  "uv": [
                    58,
                    62
                  ],
                  "uv_size": [
                    -2,
                    -2
                  ]
                }
              }
            },
            {
              "origin": [
                3,
                0,
                -4
              ],
              "size": [
                2,
                3,
                2
              ],
              "uv": {
                "north": {
                  "uv": [
                    56,
                    60
                  ],
                  "uv_size": [
                    2,
                    3
                  ]
                },
                "east": {
                  "uv": [
                    56,
                    60
                  ],
                  "uv_size": [
                    2,
                    3
                  ]
                },
                "south": {
                  "uv": [
                    56,
                    60
                  ],
                  "uv_size": [
                    2,
                    3
                  ]
                },
                "west": {
                  "uv": [
                    56,
                    60
                  ],
                  "uv_size": [
                    2,
                    3
                  ]
                },
                "up": {
                  "uv": [
                    58,
                    62
                  ],
                  "uv_size": [
                    -2,
                    -2
                  ]
                },
                "down": {
                  "uv": [
                    58,
                    62
                  ],
                  "uv_size": [
                    -2,
                    -2
                  ]
                }
              }
            },
            {
              "origin": [
                -2,
                11,
                7
              ],
              "size": [
                4,
                1,
                1
              ],
              "uv": {
                "north": {
                  "uv": [
                    56,
                    60
                  ],
                  "uv_size": [
                    4,
                    1
                  ]
                },
                "east": {
                  "uv": [
                    112,
                    0
                  ],
                  "uv_size": [
                    1,
                    1
                  ]
                },
                "south": {
                  "uv": [
                    112,
                    0
                  ],
                  "uv_size": [
                    4,
                    1
                  ]
                },
                "west": {
                  "uv": [
                    112,
                    0
                  ],
                  "uv_size": [
                    1,
                    1
                  ]
                },
                "up": {
                  "uv": [
                    116,
                    1
                  ],
                  "uv_size": [
                    -4,
                    -1
                  ]
                },
                "down": {
                  "uv": [
                    116,
                    1
                  ],
                  "uv_size": [
                    -4,
                    -1
                  ]
                }
              }
            },
            {
              "origin": [
                1,
                3,
                7
              ],
              "size": [
                1,
                1,
                1
              ],
              "uv": {
                "north": {
                  "uv": [
                    56,
                    60
                  ],
                  "uv_size": [
                    1,
                    1
                  ]
                },
                "east": {
                  "uv": [
                    0,
                    60
                  ],
                  "uv_size": [
                    1,
                    1
                  ]
                },
                "south": {
                  "uv": [
                    0,
                    60
                  ],
                  "uv_size": [
                    1,
                    1
                  ]
                },
                "west": {
                  "uv": [
                    0,
                    60
                  ],
                  "uv_size": [
                    1,
                    1
                  ]
                },
                "up": {
                  "uv": [
                    1,
                    61
                  ],
                  "uv_size": [
                    -1,
                    -1
                  ]
                },
                "down": {
                  "uv": [
                    1,
                    61
                  ],
                  "uv_size": [
                    -1,
                    -1
                  ]
                }
              }
            },
            {
              "origin": [
                -2,
                3,
                7
              ],
              "size": [
                1,
                1,
                1
              ],
              "uv": {
                "north": {
                  "uv": [
                    56,
                    60
                  ],
                  "uv_size": [
                    1,
                    1
                  ]
                },
                "east": {
                  "uv": [
                    0,
                    60
                  ],
                  "uv_size": [
                    1,
                    1
                  ]
                },
                "south": {
                  "uv": [
                    0,
                    60
                  ],
                  "uv_size": [
                    1,
                    1
                  ]
                },
                "west": {
                  "uv": [
                    0,
                    60
                  ],
                  "uv_size": [
                    1,
                    1
                  ]
                },
                "up": {
                  "uv": [
                    1,
                    61
                  ],
                  "uv_size": [
                    -1,
                    -1
                  ]
                },
                "down": {
                  "uv": [
                    1,
                    61
                  ],
                  "uv_size": [
                    -1,
                    -1
                  ]
                }
              }
            },
            {
              "origin": [
                -5,
                14,
                -4
              ],
              "size": [
                10,
                1,
                10
              ],
              "uv": {
                "north": {
                  "uv": [
                    0,
                    0
                  ],
                  "uv_size": [
                    10,
                    1
                  ]
                },
                "east": {
                  "uv": [
                    56,
                    60
                  ],
                  "uv_size": [
                    10,
                    1
                  ]
                },
                "south": {
                  "uv": [
                    0,
                    0
                  ],
                  "uv_size": [
                    10,
                    1
                  ]
                },
                "west": {
                  "uv": [
                    56,
                    60
                  ],
                  "uv_size": [
                    10,
                    1
                  ]
                },
                "up": {
                  "uv": [
                    10,
                    10
                  ],
                  "uv_size": [
                    -10,
                    -10
                  ]
                },
                "down": {
                  "uv": [
                    66,
                    70
                  ],
                  "uv_size": [
                    -10,
                    -10
                  ]
                }
              }
            },
            {
              "origin": [
                -7.07107,
                13.14214,
                -4
              ],
              "size": [
                4,
                1,
                10
              ],
              "pivot": [
                0,
                0,
                0
              ],
              "rotation": [
                0,
                0,
                45
              ],
              "uv": {
                "north": {
                  "uv": [
                    0,
                    0
                  ],
                  "uv_size": [
                    4,
                    1
                  ]
                },
                "east": {
                  "uv": [
                    56,
                    60
                  ],
                  "uv_size": [
                    10,
                    1
                  ]
                },
                "south": {
                  "uv": [
                    0,
                    0
                  ],
                  "uv_size": [
                    4,
                    1
                  ]
                },
                "west": {
                  "uv": [
                    0,
                    0
                  ],
                  "uv_size": [
                    10,
                    1
                  ]
                },
                "up": {
                  "uv": [
                    4,
                    10
                  ],
                  "uv_size": [
                    -4,
                    -10
                  ]
                },
                "down": {
                  "uv": [
                    60,
                    70
                  ],
                  "uv_size": [
                    -4,
                    -10
                  ]
                }
              }
            },
            {
              "origin": [
                3.07107,
                13.14214,
                -4
              ],
              "size": [
                4,
                1,
                10
              ],
              "pivot": [
                0,
                0,
                0
              ],
              "rotation": [
                0,
                0,
                -45
              ],
              "uv": {
                "north": {
                  "uv": [
                    0,
                    0
                  ],
                  "uv_size": [
                    4,
                    1
                  ]
                },
                "east": {
                  "uv": [
                    0,
                    0
                  ],
                  "uv_size": [
                    10,
                    1
                  ]
                },
                "south": {
                  "uv": [
                    0,
                    0
                  ],
                  "uv_size": [
                    4,
                    1
                  ]
                },
                "west": {
                  "uv": [
                    56,
                    60
                  ],
                  "uv_size": [
                    10,
                    1
                  ]
                },
                "up": {
                  "uv": [
                    4,
                    10
                  ],
                  "uv_size": [
                    -4,
                    -10
                  ]
                },
                "down": {
                  "uv": [
                    60,
                    70
                  ],
                  "uv_size": [
                    -4,
                    -10
                  ]
                }
              }
            }
          ]
        }
      ]
    }
  ]
}