{
  "format_version": "1.12.0",
  "minecraft:geometry": [
    {
      "description": {
        "identifier": "geometry.pa_pillow",
        "texture_width": 480,
        "texture_height": 480,
        "visible_bounds_width": 3,
        "visible_bounds_height": 2.5,
        "visible_bounds_offset": [
          0,
          0.75,
          0
        ]
      },
      "bones": [
        {
          "name": "bb_main",
          "pivot": [
            0,
            0,
            0
          ],
          "cubes": [
            {
              "origin": [
                -4,
                0,
                0
              ],
              "size": [
                13,
                9,
                5
              ],
              "pivot": [
                0,
                0,
                0
              ],
              "rotation": [
                12.52995,
                0.99774,
                -0.40072
              ],
              "uv": {
                "north": {
                  "uv": [
                    255,
                    146
                  ],
                  "uv_size": [
                    111,
                    39
                  ]
                },
                "east": {
                  "uv": [
                    251,
                    153
                  ],
                  "uv_size": [
                    150,
                    34
                  ]
                },
                "south": {
                  "uv": [
                    237,
                    151
                  ],
                  "uv_size": [
                    116,
                    34
                  ]
                },
                "west": {
                  "uv": [
                    243,
                    154
                  ],
                  "uv_size": [
                    150,
                    34
                  ]
                },
                "up": {
                  "uv": [
                    403,
                    184
                  ],
                  "uv_size": [
                    -156,
                    -27
                  ]
                },
                "down": {
                  "uv": [
                    355,
                    188
                  ],
                  "uv_size": [
                    -133,
                    -40
                  ]
                }
              }
            },
            {
              "origin": [
                -10,
                1,
                -5
              ],
              "size": [
                13,
                9,
                5
              ],
              "pivot": [
                0,
                0,
                0
              ],
              "rotation": [
                12.52995,
                0.99774,
                -0.40072
              ],
              "uv": {
                "north": {
                  "uv": [
                    227,
                    165
                  ],
                  "uv_size": [
                    69,
                    28
                  ]
                },
                "east": {
                  "uv": [
                    228,
                    166
                  ],
                  "uv_size": [
                    95,
                    23
                  ]
                },
                "south": {
                  "uv": [
                    224,
                    164
                  ],
                  "uv_size": [
                    100,
                    26
                  ]
                },
                "west": {
                  "uv": [
                    236,
                    185
                  ],
                  "uv_size": [
                    69,
                    -21
                  ]
                },
                "up": {
                  "uv": [
                    313,
                    193
                  ],
                  "uv_size": [
                    -84,
                    -29
                  ]
                },
                "down": {
                  "uv": [
                    313,
                    191
                  ],
                  "uv_size": [
                    -88,
                    -24
                  ]
                }
              }
            },
            {
              "origin": [
                -4,
                9,
                1
              ],
              "size": [
                13,
                2,
                0
              ],
              "uv": {
                "north": {
                  "uv": [
                    0,
                    0
                  ],
                  "uv_size": [
                    390,
                    60
                  ]
                },
                "east": {
                  "uv": [
                    0,
                    0
                  ],
                  "uv_size": [
                    0,
                    60
                  ]
                },
                "south": {
                  "uv": [
                    9,
                    129
                  ],
                  "uv_size": [
                    459,
                    68
                  ]
                },
                "west": {
                  "uv": [
                    0,
                    0
                  ],
                  "uv_size": [
                    0,
                    60
                  ]
                },
                "up": {
                  "uv": [
                    390,
                    0
                  ],
                  "uv_size": [
                    -390,
                    0
                  ]
                },
                "down": {
                  "uv": [
                    390,
                    0
                  ],
                  "uv_size": [
                    -390,
                    0
                  ]
                }
              }
            },
            {
              "origin": [
                -4,
                -1,
                2
              ],
              "size": [
                13,
                2,
                0
              ],
              "pivot": [
                0,
                0,
                0
              ],
              "rotation": [
                7.5,
                0,
                0
              ],
              "uv": {
                "north": {
                  "uv": [
                    0,
                    0
                  ],
                  "uv_size": [
                    390,
                    60
                  ]
                },
                "east": {
                  "uv": [
                    0,
                    0
                  ],
                  "uv_size": [
                    0,
                    60
                  ]
                },
                "south": {
                  "uv": [
                    9,
                    129
                  ],
                  "uv_size": [
                    459,
                    68
                  ]
                },
                "west": {
                  "uv": [
                    0,
                    0
                  ],
                  "uv_size": [
                    0,
                    60
                  ]
                },
                "up": {
                  "uv": [
                    390,
                    0
                  ],
                  "uv_size": [
                    -390,
                    0
                  ]
                },
                "down": {
                  "uv": [
                    390,
                    0
                  ],
                  "uv_size": [
                    -390,
                    0
                  ]
                }
              }
            },
            {
              "origin": [
                -10,
                9,
                -4
              ],
              "size": [
                13,
                2,
                0
              ],
              "uv": {
                "north": {
                  "uv": [
                    37,
                    118
                  ],
                  "uv_size": [
                    390,
                    60
                  ]
                },
                "east": {
                  "uv": [
                    0,
                    0
                  ],
                  "uv_size": [
                    0,
                    60
                  ]
                },
                "south": {
                  "uv": [
                    37,
                    119
                  ],
                  "uv_size": [
                    390,
                    60
                  ]
                },
                "west": {
                  "uv": [
                    0,
                    0
                  ],
                  "uv_size": [
                    0,
                    60
                  ]
                },
                "up": {
                  "uv": [
                    390,
                    199
                  ],
                  "uv_size": [
                    -390,
                    -124
                  ]
                },
                "down": {
                  "uv": [
                    422,
                    204
                  ],
                  "uv_size": [
                    -390,
                    -109
                  ]
                }
              }
            },
            {
              "origin": [
                -10,
                1,
                -2
              ],
              "size": [
                13,
                2,
                0
              ],
              "pivot": [
                0,
                0,
                0
              ],
              "rotation": [
                32.5,
                0,
                0
              ],
              "uv": {
                "north": {
                  "uv": [
                    37,
                    118
                  ],
                  "uv_size": [
                    390,
                    60
                  ]
                },
                "east": {
                  "uv": [
                    0,
                    0
                  ],
                  "uv_size": [
                    0,
                    60
                  ]
                },
                "south": {
                  "uv": [
                    37,
                    119
                  ],
                  "uv_size": [
                    390,
                    60
                  ]
                },
                "west": {
                  "uv": [
                    0,
                    0
                  ],
                  "uv_size": [
                    0,
                    60
                  ]
                },
                "up": {
                  "uv": [
                    390,
                    199
                  ],
                  "uv_size": [
                    -390,
                    -124
                  ]
                },
                "down": {
                  "uv": [
                    422,
                    204
                  ],
                  "uv_size": [
                    -390,
                    -109
                  ]
                }
              }
            }
          ]
        }
      ]
    }
  ]
}