{
  "format_version": "1.12.0",
  "minecraft:geometry": [
    {
      "description": {
        "identifier": "geometry.pa_plushie",
        "texture_width": 64,
        "texture_height": 64,
        "visible_bounds_width": 2,
        "visible_bounds_height": 2.5,
        "visible_bounds_offset": [
          0,
          0.75,
          0
        ]
      },
      "bones": [
        {
          "name": "HumanPlushie",
          "pivot": [
            7,
            1,
            -2
          ],
          "cubes": [
            {
              "origin": [
                -2.5,
                5.5,
                -2.5
              ],
              "size": [
                5,
                5,
                5
              ],
              "uv": {
                "north": {
                  "uv": [
                    8,
                    8
                  ],
                  "uv_size": [
                    8,
                    8
                  ]
                },
                "east": {
                  "uv": [
                    0,
                    8
                  ],
                  "uv_size": [
                    8,
                    8
                  ]
                },
                "south": {
                  "uv": [
                    24,
                    8
                  ],
                  "uv_size": [
                    8,
                    8
                  ]
                },
                "west": {
                  "uv": [
                    16,
                    8
                  ],
                  "uv_size": [
                    8,
                    8
                  ]
                },
                "up": {
                  "uv": [
                    8,
                    0
                  ],
                  "uv_size": [
                    8,
                    8
                  ]
                },
                "down": {
                  "uv": [
                    16,
                    8
                  ],
                  "uv_size": [
                    8,
                    -8
                  ]
                }
              }
            },
            {
              "origin": [
                -2,
                -0.11314,
                1.56879
              ],
              "size": [
                4,
                5,
                2
              ],
              "pivot": [
                0,
                0,
                0
              ],
              "rotation": [
                22.5,
                0,
                0
              ],
              "uv": {
                "north": {
                  "uv": [
                    20,
                    20
                  ],
                  "uv_size": [
                    8,
                    12
                  ]
                },
                "east": {
                  "uv": [
                    16,
                    20
                  ],
                  "uv_size": [
                    4,
                    12
                  ]
                },
                "south": {
                  "uv": [
                    32,
                    20
                  ],
                  "uv_size": [
                    8,
                    12
                  ]
                },
                "west": {
                  "uv": [
                    28,
                    20
                  ],
                  "uv_size": [
                    4,
                    12
                  ]
                },
                "up": {
                  "uv": [
                    20,
                    16
                  ],
                  "uv_size": [
                    8,
                    4
                  ]
                },
                "down": {
                  "uv": [
                    28,
                    20
                  ],
                  "uv_size": [
                    8,
                    -4
                  ]
                }
              }
            },
            {
              "origin": [
                1.3,
                -0.96642,
                -3.03939
              ],
              "size": [
                1.4,
                5.4,
                1.4
              ],
              "pivot": [
                0,
                0,
                0
              ],
              "rotation": [
                -22.5,
                0,
                0
              ],
              "uv": {
                "north": {
                  "uv": [
                    36,
                    52
                  ],
                  "uv_size": [
                    3,
                    12
                  ]
                },
                "east": {
                  "uv": [
                    32,
                    52
                  ],
                  "uv_size": [
                    4,
                    12
                  ]
                },
                "south": {
                  "uv": [
                    43,
                    52
                  ],
                  "uv_size": [
                    3,
                    12
                  ]
                },
                "west": {
                  "uv": [
                    39,
                    52
                  ],
                  "uv_size": [
                    4,
                    12
                  ]
                },
                "up": {
                  "uv": [
                    36,
                    48
                  ],
                  "uv_size": [
                    3,
                    4
                  ]
                },
                "down": {
                  "uv": [
                    39,
                    52
                  ],
                  "uv_size": [
                    3,
                    -4
                  ]
                }
              }
            },
            {
              "origin": [
                -2.7,
                -0.96642,
                -3.03939
              ],
              "size": [
                1.4,
                5.4,
                1.4
              ],
              "pivot": [
                0,
                0,
                0
              ],
              "rotation": [
                -22.5,
                0,
                0
              ],
              "uv": {
                "north": {
                  "uv": [
                    44,
                    20
                  ],
                  "uv_size": [
                    3,
                    12
                  ]
                },
                "east": {
                  "uv": [
                    40,
                    20
                  ],
                  "uv_size": [
                    4,
                    12
                  ]
                },
                "south": {
                  "uv": [
                    51,
                    20
                  ],
                  "uv_size": [
                    3,
                    12
                  ]
                },
                "west": {
                  "uv": [
                    47,
                    20
                  ],
                  "uv_size": [
                    4,
                    12
                  ]
                },
                "up": {
                  "uv": [
                    44,
                    16
                  ],
                  "uv_size": [
                    3,
                    4
                  ]
                },
                "down": {
                  "uv": [
                    47,
                    20
                  ],
                  "uv_size": [
                    3,
                    -4
                  ]
                }
              }
            },
            {
              "origin": [
                -3.03716,
                0.3,
                -4.9243
              ],
              "size": [
                1.4,
                1.4,
                5.4
              ],
              "pivot": [
                0,
                0,
                0
              ],
              "rotation": [
                0,
                45,
                0
              ],
              "uv": {
                "north": {
                  "uv": [
                    8,
                    16
                  ],
                  "uv_size": [
                    4,
                    4
                  ]
                },
                "east": {
                  "uv": [
                    0,
                    20
                  ],
                  "uv_size": [
                    4,
                    12
                  ]
                },
                "south": {
                  "uv": [
                    4,
                    16
                  ],
                  "uv_size": [
                    4,
                    4
                  ]
                },
                "west": {
                  "uv": [
                    8,
                    20
                  ],
                  "uv_size": [
                    4,
                    12
                  ]
                },
                "up": {
                  "uv": [
                    4,
                    20
                  ],
                  "uv_size": [
                    4,
                    12
                  ]
                },
                "down": {
                  "uv": [
                    12,
                    32
                  ],
                  "uv_size": [
                    4,
                    -12
                  ]
                }
              }
            },
            {
              "origin": [
                1.83553,
                0.3,
                -5.06396
              ],
              "size": [
                1.4,
                1.4,
                5.4
              ],
              "pivot": [
                0,
                0,
                0
              ],
              "rotation": [
                0,
                -45,
                0
              ],
              "uv": {
                "north": {
                  "uv": [
                    24,
                    48
                  ],
                  "uv_size": [
                    4,
                    4
                  ]
                },
                "east": {
                  "uv": [
                    16,
                    52
                  ],
                  "uv_size": [
                    4,
                    12
                  ]
                },
                "south": {
                  "uv": [
                    20,
                    48
                  ],
                  "uv_size": [
                    4,
                    4
                  ]
                },
                "west": {
                  "uv": [
                    24,
                    52
                  ],
                  "uv_size": [
                    4,
                    12
                  ]
                },
                "up": {
                  "uv": [
                    20,
                    52
                  ],
                  "uv_size": [
                    4,
                    12
                  ]
                },
                "down": {
                  "uv": [
                    28,
                    64
                  ],
                  "uv_size": [
                    4,
                    -12
                  ]
                }
              }
            }
          ]
        }
      ]
    }
  ]
}