{
  "format_version": "1.12.0",
  "minecraft:geometry": [
    {
      "description": {
        "identifier": "geometry.pa_recordplayer_pink",
        "texture_width": 32,
        "texture_height": 16,
        "visible_bounds_width": 2,
        "visible_bounds_height": 2.5,
        "visible_bounds_offset": [
          0,
          0.75,
          0
        ]
      },
      "bones": [
        {
          "name": "bone",
          "pivot": [
            8,
            0,
            -8
          ],
          "cubes": [
            {
              "origin": [
                -6.5,
                0.0,
                -5.5
              ],
              "size": [
                13.0,
                3.0,
                9.0
              ],
              "uv": {
                "north": {
                  "uv": [
                    0,
                    4.5
                  ],
                  "uv_size": [
                    13,
                    1.5
                  ]
                },
                "east": {
                  "uv": [
                    27.5,
                    0
                  ],
                  "uv_size": [
                    3,
                    4.5
                  ]
                },
                "south": {
                  "uv": [
                    13,
                    4.5
                  ],
                  "uv_size": [
                    13,
                    1.5
                  ]
                },
                "west": {
                  "uv": [
                    27.5,
                    0
                  ],
                  "uv_size": [
                    3,
                    4.5
                  ]
                },
                "up": {
                  "uv": [
                    13,
                    4.5
                  ],
                  "uv_size": [
                    -13,
                    -4.5
                  ]
                },
                "down": {
                  "uv": [
                    13,
                    10.5
                  ],
                  "uv_size": [
                    -13,
                    -4.5
                  ]
                }
              },
              "inflate": 0
            },
            {
              "origin": [
                -6.5,
                4.11103,
                2.08553
              ],
              "size": [
                13.0,
                9.0,
                1.0
              ],
              "pivot": [
                0.0,
                0.0,
                0.0
              ],
              "rotation": [
                -22.5,
                0.0,
                0.0
              ],
              "uv": {
                "north": {
                  "uv": [
                    26,
                    4.5
                  ],
                  "uv_size": [
                    -13,
                    -4.5
                  ]
                },
                "east": {
                  "uv": [
                    26,
                    0
                  ],
                  "uv_size": [
                    1.5,
                    4.5
                  ]
                },
                "south": {
                  "uv": [
                    13,
                    6
                  ],
                  "uv_size": [
                    13,
                    4.5
                  ]
                },
                "west": {
                  "uv": [
                    26,
                    0
                  ],
                  "uv_size": [
                    1.5,
                    4.5
                  ]
                },
                "up": {
                  "uv": [
                    26,
                    11
                  ],
                  "uv_size": [
                    -13,
                    -0.5
                  ]
                },
                "down": {
                  "uv": [
                    0,
                    10.5
                  ],
                  "uv_size": [
                    13,
                    0.5
                  ]
                }
              },
              "inflate": 0
            }
          ]
        }
      ]
    }
  ]
}