{
  "format_version": "1.12.0",
  "minecraft:geometry": [
    {
      "description": {
        "identifier": "geometry.pa_stool1",
        "texture_width": 32,
        "texture_height": 16,
        "visible_bounds_width": 2,
        "visible_bounds_height": 2.5,
        "visible_bounds_offset": [
          0,
          0.75,
          0
        ]
      },
      "bones": [
        {
          "name": "bone",
          "pivot": [
            8,
            0,
            -8
          ],
          "cubes": [
            {
              "origin": [
                3,
                0,
                3
              ],
              "size": [
                2,
                11,
                2
              ],
              "uv": {
                "north": {
                  "uv": [
                    0,
                    0
                  ],
                  "uv_size": [
                    2,
                    11
                  ]
                },
                "east": {
                  "uv": [
                    0,
                    0
                  ],
                  "uv_size": [
                    2,
                    11
                  ]
                },
                "south": {
                  "uv": [
                    0,
                    0
                  ],
                  "uv_size": [
                    2,
                    11
                  ]
                },
                "west": {
                  "uv": [
                    0,
                    0
                  ],
                  "uv_size": [
                    2,
                    11
                  ]
                },
                "up": {
                  "uv": [
                    2,
                    2
                  ],
                  "uv_size": [
                    -2,
                    -2
                  ]
                },
                "down": {
                  "uv": [
                    2,
                    2
                  ],
                  "uv_size": [
                    -2,
                    -2
                  ]
                }
              }
            },
            {
              "origin": [
                3,
                0,
                -5
              ],
              "size": [
                2,
                11,
                2
              ],
              "uv": {
                "north": {
                  "uv": [
                    0,
                    0
                  ],
                  "uv_size": [
                    2,
                    11
                  ]
                },
                "east": {
                  "uv": [
                    0,
                    0
                  ],
                  "uv_size": [
                    2,
                    11
                  ]
                },
                "south": {
                  "uv": [
                    0,
                    0
                  ],
                  "uv_size": [
                    2,
                    11
                  ]
                },
                "west": {
                  "uv": [
                    0,
                    0
                  ],
                  "uv_size": [
                    2,
                    11
                  ]
                },
                "up": {
                  "uv": [
                    2,
                    2
                  ],
                  "uv_size": [
                    -2,
                    -2
                  ]
                },
                "down": {
                  "uv": [
                    2,
                    2
                  ],
                  "uv_size": [
                    -2,
                    -2
                  ]
                }
              }
            },
            {
              "origin": [
                -5,
                0,
                -5
              ],
              "size": [
                2,
                11,
                2
              ],
              "uv": {
                "north": {
                  "uv": [
                    0,
                    0
                  ],
                  "uv_size": [
                    2,
                    11
                  ]
                },
                "east": {
                  "uv": [
                    0,
                    0
                  ],
                  "uv_size": [
                    2,
                    11
                  ]
                },
                "south": {
                  "uv": [
                    0,
                    0
                  ],
                  "uv_size": [
                    2,
                    11
                  ]
                },
                "west": {
                  "uv": [
                    0,
                    0
                  ],
                  "uv_size": [
                    2,
                    11
                  ]
                },
                "up": {
                  "uv": [
                    2,
                    2
                  ],
                  "uv_size": [
                    -2,
                    -2
                  ]
                },
                "down": {
                  "uv": [
                    2,
                    2
                  ],
                  "uv_size": [
                    -2,
                    -2
                  ]
                }
              }
            },
            {
              "origin": [
                -5,
                0,
                3
              ],
              "size": [
                2,
                11,
                2
              ],
              "uv": {
                "north": {
                  "uv": [
                    0,
                    0
                  ],
                  "uv_size": [
                    2,
                    11
                  ]
                },
                "east": {
                  "uv": [
                    0,
                    0
                  ],
                  "uv_size": [
                    2,
                    11
                  ]
                },
                "south": {
                  "uv": [
                    0,
                    0
                  ],
                  "uv_size": [
                    2,
                    11
                  ]
                },
                "west": {
                  "uv": [
                    0,
                    0
                  ],
                  "uv_size": [
                    2,
                    11
                  ]
                },
                "up": {
                  "uv": [
                    2,
                    2
                  ],
                  "uv_size": [
                    -2,
                    -2
                  ]
                },
                "down": {
                  "uv": [
                    2,
                    2
                  ],
                  "uv_size": [
                    -2,
                    -2
                  ]
                }
              }
            },
            {
              "origin": [
                -6,
                11,
                -6
              ],
              "size": [
                12,
                2,
                12
              ],
              "uv": {
                "north": {
                  "uv": [
                    0,
                    4.5
                  ],
                  "uv_size": [
                    15,
                    2.5
                  ]
                },
                "east": {
                  "uv": [
                    0,
                    0
                  ],
                  "uv_size": [
                    15,
                    2.5
                  ]
                },
                "south": {
                  "uv": [
                    0,
                    0
                  ],
                  "uv_size": [
                    14,
                    3
                  ]
                },
                "west": {
                  "uv": [
                    0,
                    4.5
                  ],
                  "uv_size": [
                    15,
                    3
                  ]
                },
                "up": {
                  "uv": [
                    15,
                    12
                  ],
                  "uv_size": [
                    -15,
                    -12
                  ]
                },
                "down": {
                  "uv": [
                    13,
                    12
                  ],
                  "uv_size": [
                    -13,
                    -12
                  ]
                }
              }
            },
            {
              "origin": [
                -5,
                13,
                -5
              ],
              "size": [
                10,
                1,
                10
              ],
              "uv": {
                "north": {
                  "uv": [
                    17,
                    0
                  ],
                  "uv_size": [
                    13,
                    1
                  ]
                },
                "east": {
                  "uv": [
                    17,
                    0
                  ],
                  "uv_size": [
                    13,
                    1
                  ]
                },
                "south": {
                  "uv": [
                    30,
                    2
                  ],
                  "uv_size": [
                    -12,
                    1
                  ]
                },
                "west": {
                  "uv": [
                    17,
                    0
                  ],
                  "uv_size": [
                    13,
                    1
                  ]
                },
                "up": {
                  "uv": [
                    29,
                    13
                  ],
                  "uv_size": [
                    -13,
                    -10
                  ]
                },
                "down": {
                  "uv": [
                    29,
                    12
                  ],
                  "uv_size": [
                    -13,
                    -9
                  ]
                }
              }
            }
          ]
        }
      ]
    }
  ]
}