{
  "format_version": "1.12.0",
  "minecraft:geometry": [
    {
      "description": {
        "identifier": "geometry.pa_stool",
        "texture_width": 32,
        "texture_height": 16,
        "visible_bounds_width": 2,
        "visible_bounds_height": 2.5,
        "visible_bounds_offset": [
          0,
          0.75,
          0
        ]
      },
      "bones": [
        {
          "name": "group",
          "pivot": [
            0,
            8,
            0
          ]
        },
        {
          "name": "bars",
          "parent": "group",
          "pivot": [
            0,
            8,
            0
          ],
          "cubes": [
            {
              "origin": [
                -2.99191,
                3,
                3.21094
              ],
              "size": [
                6,
                1,
                1
              ],
              "pivot": [
                0,
                0,
                0
              ],
              "rotation": [
                0,
                -45,
                0
              ],
              "uv": {
                "north": {
                  "uv": [
                    0,
                    0
                  ],
                  "uv_size": [
                    6,
                    1
                  ]
                },
                "east": {
                  "uv": [
                    0,
                    0
                  ],
                  "uv_size": [
                    1,
                    1
                  ]
                },
                "south": {
                  "uv": [
                    0,
                    0
                  ],
                  "uv_size": [
                    6,
                    1
                  ]
                },
                "west": {
                  "uv": [
                    0,
                    0
                  ],
                  "uv_size": [
                    1,
                    1
                  ]
                },
                "up": {
                  "uv": [
                    6,
                    1
                  ],
                  "uv_size": [
                    -6,
                    -1
                  ]
                },
                "down": {
                  "uv": [
                    6,
                    1
                  ],
                  "uv_size": [
                    -6,
                    -1
                  ]
                }
              }
            },
            {
              "origin": [
                -3.24191,
                3,
                -4.28906
              ],
              "size": [
                6.5,
                1,
                1
              ],
              "pivot": [
                0,
                0,
                0
              ],
              "rotation": [
                0,
                -45,
                0
              ],
              "uv": {
                "north": {
                  "uv": [
                    0,
                    0
                  ],
                  "uv_size": [
                    6,
                    1
                  ]
                },
                "east": {
                  "uv": [
                    0,
                    0
                  ],
                  "uv_size": [
                    1,
                    1
                  ]
                },
                "south": {
                  "uv": [
                    0,
                    0
                  ],
                  "uv_size": [
                    6,
                    1
                  ]
                },
                "west": {
                  "uv": [
                    0,
                    0
                  ],
                  "uv_size": [
                    1,
                    1
                  ]
                },
                "up": {
                  "uv": [
                    6,
                    1
                  ],
                  "uv_size": [
                    -6,
                    -1
                  ]
                },
                "down": {
                  "uv": [
                    6,
                    1
                  ],
                  "uv_size": [
                    -6,
                    -1
                  ]
                }
              }
            },
            {
              "origin": [
                -4.24191,
                3,
                -3.28906
              ],
              "size": [
                1,
                1,
                7
              ],
              "pivot": [
                0,
                0,
                0
              ],
              "rotation": [
                0,
                -45,
                0
              ],
              "uv": {
                "north": {
                  "uv": [
                    0,
                    0
                  ],
                  "uv_size": [
                    1,
                    1
                  ]
                },
                "east": {
                  "uv": [
                    0,
                    0
                  ],
                  "uv_size": [
                    7,
                    1
                  ]
                },
                "south": {
                  "uv": [
                    0,
                    0
                  ],
                  "uv_size": [
                    1,
                    1
                  ]
                },
                "west": {
                  "uv": [
                    0,
                    0
                  ],
                  "uv_size": [
                    7,
                    1
                  ]
                },
                "up": {
                  "uv": [
                    1,
                    7
                  ],
                  "uv_size": [
                    -1,
                    -7
                  ]
                },
                "down": {
                  "uv": [
                    1,
                    7
                  ],
                  "uv_size": [
                    -1,
                    -7
                  ]
                }
              }
            },
            {
              "origin": [
                3.25809,
                3,
                -3.28906
              ],
              "size": [
                1,
                1,
                7.25
              ],
              "pivot": [
                0,
                0,
                0
              ],
              "rotation": [
                0,
                -45,
                0
              ],
              "uv": {
                "north": {
                  "uv": [
                    0,
                    0
                  ],
                  "uv_size": [
                    1,
                    1
                  ]
                },
                "east": {
                  "uv": [
                    0,
                    0
                  ],
                  "uv_size": [
                    7,
                    1
                  ]
                },
                "south": {
                  "uv": [
                    0,
                    0
                  ],
                  "uv_size": [
                    1,
                    1
                  ]
                },
                "west": {
                  "uv": [
                    0,
                    0
                  ],
                  "uv_size": [
                    7,
                    1
                  ]
                },
                "up": {
                  "uv": [
                    1,
                    7
                  ],
                  "uv_size": [
                    -1,
                    -7
                  ]
                },
                "down": {
                  "uv": [
                    1,
                    7
                  ],
                  "uv_size": [
                    -1,
                    -7
                  ]
                }
              }
            }
          ]
        },
        {
          "name": "legs",
          "parent": "group",
          "pivot": [
            0,
            8,
            0
          ],
          "cubes": [
            {
              "origin": [
                -0.96667,
                -2.87473,
                5.80362
              ],
              "size": [
                1.5,
                9.5,
                1.5
              ],
              "pivot": [
                0,
                0,
                0
              ],
              "rotation": [
                22.5,
                0,
                0
              ],
              "uv": {
                "north": {
                  "uv": [
                    0,
                    0
                  ],
                  "uv_size": [
                    1.5,
                    8.25
                  ]
                },
                "east": {
                  "uv": [
                    0,
                    0
                  ],
                  "uv_size": [
                    1.5,
                    8.25
                  ]
                },
                "south": {
                  "uv": [
                    0,
                    0
                  ],
                  "uv_size": [
                    1.5,
                    8.25
                  ]
                },
                "west": {
                  "uv": [
                    0,
                    0
                  ],
                  "uv_size": [
                    1.5,
                    8.25
                  ]
                },
                "up": {
                  "uv": [
                    1.5,
                    1.5
                  ],
                  "uv_size": [
                    -1.5,
                    -1.5
                  ]
                },
                "down": {
                  "uv": [
                    1.5,
                    1.5
                  ],
                  "uv_size": [
                    -1.5,
                    -1.5
                  ]
                }
              }
            },
            {
              "origin": [
                -6.96642,
                -2.73506,
                -0.66834
              ],
              "size": [
                1.5,
                9.5,
                1.5
              ],
              "pivot": [
                0,
                0,
                0
              ],
              "rotation": [
                0,
                0,
                22.5
              ],
              "uv": {
                "north": {
                  "uv": [
                    0,
                    0
                  ],
                  "uv_size": [
                    1.5,
                    8.25
                  ]
                },
                "east": {
                  "uv": [
                    0,
                    0
                  ],
                  "uv_size": [
                    1.5,
                    8.25
                  ]
                },
                "south": {
                  "uv": [
                    0,
                    0
                  ],
                  "uv_size": [
                    1.5,
                    8.25
                  ]
                },
                "west": {
                  "uv": [
                    0,
                    0
                  ],
                  "uv_size": [
                    1.5,
                    8.25
                  ]
                },
                "up": {
                  "uv": [
                    1.5,
                    1.5
                  ],
                  "uv_size": [
                    -1.5,
                    -1.5
                  ]
                },
                "down": {
                  "uv": [
                    1.5,
                    1.5
                  ],
                  "uv_size": [
                    -1.5,
                    -1.5
                  ]
                }
              }
            },
            {
              "origin": [
                -0.46667,
                -2.81223,
                -7.15274
              ],
              "size": [
                1.5,
                9.5,
                1.5
              ],
              "pivot": [
                0,
                0,
                0
              ],
              "rotation": [
                -22.5,
                0,
                0
              ],
              "uv": {
                "north": {
                  "uv": [
                    0,
                    0
                  ],
                  "uv_size": [
                    1.5,
                    8.25
                  ]
                },
                "east": {
                  "uv": [
                    0,
                    0
                  ],
                  "uv_size": [
                    1.5,
                    8.25
                  ]
                },
                "south": {
                  "uv": [
                    0,
                    0
                  ],
                  "uv_size": [
                    1.5,
                    8.25
                  ]
                },
                "west": {
                  "uv": [
                    0,
                    0
                  ],
                  "uv_size": [
                    1.5,
                    8.25
                  ]
                },
                "up": {
                  "uv": [
                    1.5,
                    1.5
                  ],
                  "uv_size": [
                    -1.5,
                    -1.5
                  ]
                },
                "down": {
                  "uv": [
                    1.5,
                    1.5
                  ],
                  "uv_size": [
                    -1.5,
                    -1.5
                  ]
                }
              }
            },
            {
              "origin": [
                5.98994,
                -2.95191,
                -0.66834
              ],
              "size": [
                1.5,
                9.75,
                1.5
              ],
              "pivot": [
                0,
                0,
                0
              ],
              "rotation": [
                0,
                0,
                -22.5
              ],
              "uv": {
                "north": {
                  "uv": [
                    0,
                    0
                  ],
                  "uv_size": [
                    1.5,
                    8.25
                  ]
                },
                "east": {
                  "uv": [
                    0,
                    0
                  ],
                  "uv_size": [
                    1.5,
                    8.25
                  ]
                },
                "south": {
                  "uv": [
                    0,
                    0
                  ],
                  "uv_size": [
                    1.5,
                    8.25
                  ]
                },
                "west": {
                  "uv": [
                    0,
                    0
                  ],
                  "uv_size": [
                    1.5,
                    8.25
                  ]
                },
                "up": {
                  "uv": [
                    1.5,
                    1.5
                  ],
                  "uv_size": [
                    -1.5,
                    -1.5
                  ]
                },
                "down": {
                  "uv": [
                    1.5,
                    1.5
                  ],
                  "uv_size": [
                    -1.5,
                    -1.5
                  ]
                }
              }
            }
          ]
        },
        {
          "name": "seat",
          "parent": "group",
          "pivot": [
            -3,
            8,
            4
          ],
          "cubes": [
            {
              "origin": [
                -4.99191,
                8.25,
                -4.03906
              ],
              "size": [
                10,
                1.75,
                2
              ],
              "pivot": [
                0,
                0,
                0
              ],
              "rotation": [
                0,
                -45,
                0
              ],
              "uv": {
                "north": {
                  "uv": [
                    0,
                    0
                  ],
                  "uv_size": [
                    10,
                    1.75
                  ]
                },
                "east": {
                  "uv": [
                    0,
                    0
                  ],
                  "uv_size": [
                    2,
                    1.75
                  ]
                },
                "south": {
                  "uv": [
                    0,
                    0
                  ],
                  "uv_size": [
                    10,
                    1.75
                  ]
                },
                "west": {
                  "uv": [
                    0,
                    0
                  ],
                  "uv_size": [
                    2,
                    1.75
                  ]
                },
                "up": {
                  "uv": [
                    10,
                    6
                  ],
                  "uv_size": [
                    -10,
                    -2
                  ]
                },
                "down": {
                  "uv": [
                    10,
                    2
                  ],
                  "uv_size": [
                    -10,
                    -2
                  ]
                }
              }
            },
            {
              "origin": [
                -4.99191,
                8.25,
                1.96094
              ],
              "size": [
                10,
                1.75,
                2
              ],
              "pivot": [
                0,
                0,
                0
              ],
              "rotation": [
                0,
                -45,
                0
              ],
              "uv": {
                "north": {
                  "uv": [
                    0,
                    0
                  ],
                  "uv_size": [
                    10,
                    1.75
                  ]
                },
                "east": {
                  "uv": [
                    0,
                    0
                  ],
                  "uv_size": [
                    2,
                    1.75
                  ]
                },
                "south": {
                  "uv": [
                    0,
                    0
                  ],
                  "uv_size": [
                    10,
                    1.75
                  ]
                },
                "west": {
                  "uv": [
                    0,
                    0
                  ],
                  "uv_size": [
                    2,
                    1.75
                  ]
                },
                "up": {
                  "uv": [
                    10,
                    12
                  ],
                  "uv_size": [
                    -10,
                    -2
                  ]
                },
                "down": {
                  "uv": [
                    10,
                    2
                  ],
                  "uv_size": [
                    -10,
                    -2
                  ]
                }
              }
            },
            {
              "origin": [
                -5.99191,
                8.25,
                -2.03906
              ],
              "size": [
                12,
                1.75,
                4
              ],
              "pivot": [
                0,
                0,
                0
              ],
              "rotation": [
                0,
                -45,
                0
              ],
              "uv": {
                "north": {
                  "uv": [
                    0,
                    0
                  ],
                  "uv_size": [
                    12,
                    1.75
                  ]
                },
                "east": {
                  "uv": [
                    27,
                    7
                  ],
                  "uv_size": [
                    3,
                    1.75
                  ]
                },
                "south": {
                  "uv": [
                    0,
                    0
                  ],
                  "uv_size": [
                    12,
                    1.75
                  ]
                },
                "west": {
                  "uv": [
                    27,
                    7
                  ],
                  "uv_size": [
                    3,
                    1.75
                  ]
                },
                "up": {
                  "uv": [
                    27,
                    13
                  ],
                  "uv_size": [
                    -11,
                    -10
                  ]
                },
                "down": {
                  "uv": [
                    12,
                    4
                  ],
                  "uv_size": [
                    -12,
                    -4
                  ]
                }
              }
            },
            {
              "origin": [
                -1.99191,
                8.25,
                -6.03906
              ],
              "size": [
                4,
                1.75,
                1
              ],
              "pivot": [
                0,
                0,
                0
              ],
              "rotation": [
                0,
                -45,
                0
              ],
              "uv": {
                "north": {
                  "uv": [
                    0,
                    0
                  ],
                  "uv_size": [
                    4,
                    1.75
                  ]
                },
                "east": {
                  "uv": [
                    0,
                    0
                  ],
                  "uv_size": [
                    1,
                    1.75
                  ]
                },
                "south": {
                  "uv": [
                    0,
                    0
                  ],
                  "uv_size": [
                    4,
                    1.75
                  ]
                },
                "west": {
                  "uv": [
                    0,
                    0
                  ],
                  "uv_size": [
                    1,
                    1.75
                  ]
                },
                "up": {
                  "uv": [
                    4,
                    3
                  ],
                  "uv_size": [
                    -4,
                    -1
                  ]
                },
                "down": {
                  "uv": [
                    4,
                    1
                  ],
                  "uv_size": [
                    -4,
                    -1
                  ]
                }
              }
            },
            {
              "origin": [
                -1.99191,
                8.25,
                4.96094
              ],
              "size": [
                4,
                1.75,
                1
              ],
              "pivot": [
                0,
                0,
                0
              ],
              "rotation": [
                0,
                -45,
                0
              ],
              "uv": {
                "north": {
                  "uv": [
                    0,
                    0
                  ],
                  "uv_size": [
                    4,
                    1.75
                  ]
                },
                "east": {
                  "uv": [
                    0,
                    0
                  ],
                  "uv_size": [
                    1,
                    1.75
                  ]
                },
                "south": {
                  "uv": [
                    0,
                    0
                  ],
                  "uv_size": [
                    4,
                    1.75
                  ]
                },
                "west": {
                  "uv": [
                    0,
                    0
                  ],
                  "uv_size": [
                    1,
                    1.75
                  ]
                },
                "up": {
                  "uv": [
                    4,
                    14
                  ],
                  "uv_size": [
                    -4,
                    -1
                  ]
                },
                "down": {
                  "uv": [
                    4,
                    1
                  ],
                  "uv_size": [
                    -4,
                    -1
                  ]
                }
              }
            },
            {
              "origin": [
                -3.99191,
                8.25,
                -5.03906
              ],
              "size": [
                8,
                1.75,
                1
              ],
              "pivot": [
                0,
                0,
                0
              ],
              "rotation": [
                0,
                -45,
                0
              ],
              "uv": {
                "north": {
                  "uv": [
                    0,
                    0
                  ],
                  "uv_size": [
                    8,
                    1.75
                  ]
                },
                "east": {
                  "uv": [
                    0,
                    0
                  ],
                  "uv_size": [
                    1,
                    1.75
                  ]
                },
                "south": {
                  "uv": [
                    0,
                    0
                  ],
                  "uv_size": [
                    8,
                    1.75
                  ]
                },
                "west": {
                  "uv": [
                    0,
                    0
                  ],
                  "uv_size": [
                    1,
                    1.75
                  ]
                },
                "up": {
                  "uv": [
                    8,
                    4
                  ],
                  "uv_size": [
                    -8,
                    -1
                  ]
                },
                "down": {
                  "uv": [
                    8,
                    1
                  ],
                  "uv_size": [
                    -8,
                    -1
                  ]
                }
              }
            },
            {
              "origin": [
                -3.99191,
                8.25,
                3.96094
              ],
              "size": [
                8,
                1.75,
                1
              ],
              "pivot": [
                0,
                0,
                0
              ],
              "rotation": [
                0,
                -45,
                0
              ],
              "uv": {
                "north": {
                  "uv": [
                    0,
                    0
                  ],
                  "uv_size": [
                    8,
                    1.75
                  ]
                },
                "east": {
                  "uv": [
                    0,
                    0
                  ],
                  "uv_size": [
                    1,
                    1.75
                  ]
                },
                "south": {
                  "uv": [
                    0,
                    0
                  ],
                  "uv_size": [
                    8,
                    1.75
                  ]
                },
                "west": {
                  "uv": [
                    0,
                    0
                  ],
                  "uv_size": [
                    1,
                    1.75
                  ]
                },
                "up": {
                  "uv": [
                    9,
                    13
                  ],
                  "uv_size": [
                    -8,
                    -1
                  ]
                },
                "down": {
                  "uv": [
                    8,
                    1
                  ],
                  "uv_size": [
                    -8,
                    -1
                  ]
                }
              }
            }
          ]
        }
      ]
    }
  ]
}