{
  "format_version": "1.12.0",
  "minecraft:geometry": [
    {
      "description": {
        "identifier": "geometry.pa_sink",
        "texture_width": 32,
        "texture_height": 16,
        "visible_bounds_width": 3,
        "visible_bounds_height": 3.5,
        "visible_bounds_offset": [
          0,
          1.25,
          0
        ]
      },
      "bones": [
        {
          "name": "Outline",
          "pivot": [
            -8,
            8,
            8
          ],
          "cubes": [
            {
              "origin": [
                7,
                10,
                7
              ],
              "size": [
                1,
                5,
                1
              ],
              "uv": {
                "north": {
                  "uv": [
                    16,
                    0
                  ],
                  "uv_size": [
                    1,
                    15
                  ]
                },
                "east": {
                  "uv": [
                    16,
                    0
                  ],
                  "uv_size": [
                    1,
                    15
                  ]
                },
                "south": {
                  "uv": [
                    16,
                    0
                  ],
                  "uv_size": [
                    1,
                    15
                  ]
                },
                "west": {
                  "uv": [
                    16,
                    0
                  ],
                  "uv_size": [
                    1,
                    15
                  ]
                },
                "up": {
                  "uv": [
                    17,
                    1
                  ],
                  "uv_size": [
                    -1,
                    -1
                  ]
                },
                "down": {
                  "uv": [
                    17,
                    1
                  ],
                  "uv_size": [
                    -1,
                    -1
                  ]
                }
              }
            },
            {
              "origin": [
                -7.5,
                10,
                7
              ],
              "size": [
                1,
                4,
                1
              ],
              "uv": {
                "north": {
                  "uv": [
                    16,
                    0
                  ],
                  "uv_size": [
                    1,
                    15
                  ]
                },
                "east": {
                  "uv": [
                    16,
                    0
                  ],
                  "uv_size": [
                    1,
                    15
                  ]
                },
                "south": {
                  "uv": [
                    16,
                    0
                  ],
                  "uv_size": [
                    1,
                    15
                  ]
                },
                "west": {
                  "uv": [
                    16,
                    0
                  ],
                  "uv_size": [
                    1,
                    15
                  ]
                },
                "up": {
                  "uv": [
                    17,
                    1
                  ],
                  "uv_size": [
                    -1,
                    -1
                  ]
                },
                "down": {
                  "uv": [
                    17,
                    1
                  ],
                  "uv_size": [
                    -1,
                    -1
                  ]
                }
              }
            },
            {
              "origin": [
                -7.5,
                14,
                7
              ],
              "size": [
                16,
                1,
                1
              ],
              "uv": {
                "north": {
                  "uv": [
                    16,
                    0
                  ],
                  "uv_size": [
                    16,
                    1
                  ]
                },
                "east": {
                  "uv": [
                    16,
                    0
                  ],
                  "uv_size": [
                    1,
                    1
                  ]
                },
                "south": {
                  "uv": [
                    16,
                    0
                  ],
                  "uv_size": [
                    16,
                    1
                  ]
                },
                "west": {
                  "uv": [
                    16,
                    0
                  ],
                  "uv_size": [
                    1,
                    1
                  ]
                },
                "up": {
                  "uv": [
                    32,
                    1
                  ],
                  "uv_size": [
                    -16,
                    -1
                  ]
                },
                "down": {
                  "uv": [
                    32,
                    1
                  ],
                  "uv_size": [
                    -16,
                    -1
                  ]
                }
              }
            },
            {
              "origin": [
                -7.5,
                14,
                -8
              ],
              "size": [
                16,
                1,
                1
              ],
              "uv": {
                "north": {
                  "uv": [
                    16,
                    0
                  ],
                  "uv_size": [
                    16,
                    1
                  ]
                },
                "east": {
                  "uv": [
                    16,
                    0
                  ],
                  "uv_size": [
                    1,
                    1
                  ]
                },
                "south": {
                  "uv": [
                    16,
                    0
                  ],
                  "uv_size": [
                    16,
                    1
                  ]
                },
                "west": {
                  "uv": [
                    16,
                    0
                  ],
                  "uv_size": [
                    1,
                    1
                  ]
                },
                "up": {
                  "uv": [
                    32,
                    1
                  ],
                  "uv_size": [
                    -16,
                    -1
                  ]
                },
                "down": {
                  "uv": [
                    32,
                    1
                  ],
                  "uv_size": [
                    -16,
                    -1
                  ]
                }
              }
            },
            {
              "origin": [
                -7.5,
                14,
                -7
              ],
              "size": [
                1,
                1,
                14
              ],
              "uv": {
                "north": {
                  "uv": [
                    16,
                    0
                  ],
                  "uv_size": [
                    1,
                    1
                  ]
                },
                "east": {
                  "uv": [
                    16,
                    0
                  ],
                  "uv_size": [
                    14,
                    1
                  ]
                },
                "south": {
                  "uv": [
                    16,
                    0
                  ],
                  "uv_size": [
                    1,
                    1
                  ]
                },
                "west": {
                  "uv": [
                    16,
                    0
                  ],
                  "uv_size": [
                    14,
                    1
                  ]
                },
                "up": {
                  "uv": [
                    17,
                    14
                  ],
                  "uv_size": [
                    -1,
                    -14
                  ]
                },
                "down": {
                  "uv": [
                    17,
                    14
                  ],
                  "uv_size": [
                    -1,
                    -14
                  ]
                }
              }
            },
            {
              "origin": [
                -7.5,
                9.5,
                -8
              ],
              "size": [
                15,
                1,
                16
              ],
              "uv": {
                "north": {
                  "uv": [
                    16,
                    0
                  ],
                  "uv_size": [
                    16,
                    1
                  ]
                },
                "east": {
                  "uv": [
                    16,
                    0
                  ],
                  "uv_size": [
                    16,
                    1
                  ]
                },
                "south": {
                  "uv": [
                    16,
                    0
                  ],
                  "uv_size": [
                    16,
                    1
                  ]
                },
                "west": {
                  "uv": [
                    16,
                    0
                  ],
                  "uv_size": [
                    16,
                    1
                  ]
                },
                "up": {
                  "uv": [
                    32,
                    16
                  ],
                  "uv_size": [
                    -16,
                    -16
                  ]
                },
                "down": {
                  "uv": [
                    32,
                    16
                  ],
                  "uv_size": [
                    -16,
                    -16
                  ]
                }
              }
            }
          ]
        },
        {
          "name": "Sink",
          "pivot": [
            -8,
            8,
            8
          ],
          "cubes": [
            {
              "origin": [
                -8,
                15,
                -8.5
              ],
              "size": [
                16.5,
                1,
                3
              ],
              "uv": {
                "north": {
                  "uv": [
                    0,
                    0
                  ],
                  "uv_size": [
                    16,
                    1
                  ]
                },
                "east": {
                  "uv": [
                    0,
                    0
                  ],
                  "uv_size": [
                    3,
                    1
                  ]
                },
                "south": {
                  "uv": [
                    0,
                    0
                  ],
                  "uv_size": [
                    16,
                    1
                  ]
                },
                "west": {
                  "uv": [
                    0,
                    0
                  ],
                  "uv_size": [
                    3,
                    1
                  ]
                },
                "up": {
                  "uv": [
                    16,
                    3
                  ],
                  "uv_size": [
                    -16,
                    -3
                  ]
                },
                "down": {
                  "uv": [
                    16,
                    3
                  ],
                  "uv_size": [
                    -16,
                    -3
                  ]
                }
              }
            },
            {
              "origin": [
                -1,
                10,
                1.5
              ],
              "size": [
                2.5,
                1,
                2.5
              ],
              "uv": {
                "north": {
                  "uv": [
                    16,
                    0
                  ],
                  "uv_size": [
                    2.5,
                    1
                  ]
                },
                "east": {
                  "uv": [
                    16,
                    0
                  ],
                  "uv_size": [
                    2.5,
                    1
                  ]
                },
                "south": {
                  "uv": [
                    16,
                    0
                  ],
                  "uv_size": [
                    2.5,
                    1
                  ]
                },
                "west": {
                  "uv": [
                    16,
                    0
                  ],
                  "uv_size": [
                    2.5,
                    1
                  ]
                },
                "up": {
                  "uv": [
                    17,
                    1
                  ],
                  "uv_size": [
                    -1,
                    -1
                  ]
                },
                "down": {
                  "uv": [
                    18.5,
                    2.5
                  ],
                  "uv_size": [
                    -2.5,
                    -2.5
                  ]
                }
              }
            },
            {
              "origin": [
                -5.5,
                10,
                -6.5
              ],
              "size": [
                4.5,
                1,
                13
              ],
              "uv": {
                "north": {
                  "uv": [
                    0,
                    0
                  ],
                  "uv_size": [
                    4.5,
                    1
                  ]
                },
                "east": {
                  "uv": [
                    0,
                    0
                  ],
                  "uv_size": [
                    13,
                    1
                  ]
                },
                "south": {
                  "uv": [
                    0,
                    0
                  ],
                  "uv_size": [
                    4.5,
                    1
                  ]
                },
                "west": {
                  "uv": [
                    0,
                    0
                  ],
                  "uv_size": [
                    13,
                    1
                  ]
                },
                "up": {
                  "uv": [
                    13.5,
                    14
                  ],
                  "uv_size": [
                    -4.5,
                    -13
                  ]
                },
                "down": {
                  "uv": [
                    4.5,
                    13
                  ],
                  "uv_size": [
                    -4.5,
                    -13
                  ]
                }
              }
            },
            {
              "origin": [
                -1,
                10,
                -7
              ],
              "size": [
                2.5,
                1,
                8.5
              ],
              "uv": {
                "north": {
                  "uv": [
                    0,
                    0
                  ],
                  "uv_size": [
                    2.5,
                    1
                  ]
                },
                "east": {
                  "uv": [
                    0,
                    0
                  ],
                  "uv_size": [
                    8.5,
                    1
                  ]
                },
                "south": {
                  "uv": [
                    0,
                    0
                  ],
                  "uv_size": [
                    2.5,
                    1
                  ]
                },
                "west": {
                  "uv": [
                    0,
                    0
                  ],
                  "uv_size": [
                    8.5,
                    1
                  ]
                },
                "up": {
                  "uv": [
                    9,
                    9
                  ],
                  "uv_size": [
                    -2.5,
                    -8.5
                  ]
                },
                "down": {
                  "uv": [
                    2.5,
                    8.5
                  ],
                  "uv_size": [
                    -2.5,
                    -8.5
                  ]
                }
              }
            },
            {
              "origin": [
                -1,
                10,
                4
              ],
              "size": [
                2.5,
                1,
                2.5
              ],
              "uv": {
                "north": {
                  "uv": [
                    0,
                    0
                  ],
                  "uv_size": [
                    2.5,
                    1
                  ]
                },
                "east": {
                  "uv": [
                    0,
                    0
                  ],
                  "uv_size": [
                    2.5,
                    1
                  ]
                },
                "south": {
                  "uv": [
                    0,
                    0
                  ],
                  "uv_size": [
                    2.5,
                    1
                  ]
                },
                "west": {
                  "uv": [
                    0,
                    0
                  ],
                  "uv_size": [
                    2.5,
                    1
                  ]
                },
                "up": {
                  "uv": [
                    9,
                    13.5
                  ],
                  "uv_size": [
                    -3,
                    -2.5
                  ]
                },
                "down": {
                  "uv": [
                    2.5,
                    2.5
                  ],
                  "uv_size": [
                    -2.5,
                    -2.5
                  ]
                }
              }
            },
            {
              "origin": [
                1.5,
                10,
                -6.5
              ],
              "size": [
                4.5,
                1,
                13
              ],
              "uv": {
                "north": {
                  "uv": [
                    0,
                    0
                  ],
                  "uv_size": [
                    4.5,
                    1
                  ]
                },
                "east": {
                  "uv": [
                    0,
                    0
                  ],
                  "uv_size": [
                    13,
                    1
                  ]
                },
                "south": {
                  "uv": [
                    0,
                    0
                  ],
                  "uv_size": [
                    4.5,
                    1
                  ]
                },
                "west": {
                  "uv": [
                    0,
                    0
                  ],
                  "uv_size": [
                    13,
                    1
                  ]
                },
                "up": {
                  "uv": [
                    6.5,
                    14
                  ],
                  "uv_size": [
                    -4.5,
                    -13
                  ]
                },
                "down": {
                  "uv": [
                    4.5,
                    13
                  ],
                  "uv_size": [
                    -4.5,
                    -13
                  ]
                }
              }
            },
            {
              "origin": [
                -8,
                15,
                6.5
              ],
              "size": [
                16.5,
                1,
                2
              ],
              "uv": {
                "north": {
                  "uv": [
                    0,
                    0
                  ],
                  "uv_size": [
                    16,
                    1
                  ]
                },
                "east": {
                  "uv": [
                    0,
                    0
                  ],
                  "uv_size": [
                    2,
                    1
                  ]
                },
                "south": {
                  "uv": [
                    0,
                    0
                  ],
                  "uv_size": [
                    16,
                    1
                  ]
                },
                "west": {
                  "uv": [
                    0,
                    0
                  ],
                  "uv_size": [
                    2,
                    1
                  ]
                },
                "up": {
                  "uv": [
                    16,
                    16
                  ],
                  "uv_size": [
                    -16,
                    -2
                  ]
                },
                "down": {
                  "uv": [
                    16,
                    2
                  ],
                  "uv_size": [
                    -16,
                    -2
                  ]
                }
              }
            },
            {
              "origin": [
                -7,
                10,
                6.5
              ],
              "size": [
                14.5,
                5,
                1
              ],
              "uv": {
                "north": {
                  "uv": [
                    0,
                    1
                  ],
                  "uv_size": [
                    14.5,
                    5
                  ]
                },
                "east": {
                  "uv": [
                    0,
                    0
                  ],
                  "uv_size": [
                    1,
                    5
                  ]
                },
                "south": {
                  "uv": [
                    0,
                    0
                  ],
                  "uv_size": [
                    14.5,
                    5
                  ]
                },
                "west": {
                  "uv": [
                    0,
                    0
                  ],
                  "uv_size": [
                    1,
                    5
                  ]
                },
                "up": {
                  "uv": [
                    14.5,
                    1
                  ],
                  "uv_size": [
                    -14.5,
                    -1
                  ]
                },
                "down": {
                  "uv": [
                    14.5,
                    1
                  ],
                  "uv_size": [
                    -14.5,
                    -1
                  ]
                }
              }
            },
            {
              "origin": [
                -7,
                10,
                -7.5
              ],
              "size": [
                14.5,
                5,
                1
              ],
              "uv": {
                "north": {
                  "uv": [
                    0,
                    0
                  ],
                  "uv_size": [
                    14.5,
                    5
                  ]
                },
                "east": {
                  "uv": [
                    0,
                    0
                  ],
                  "uv_size": [
                    1,
                    5
                  ]
                },
                "south": {
                  "uv": [
                    0,
                    1
                  ],
                  "uv_size": [
                    14.5,
                    5
                  ]
                },
                "west": {
                  "uv": [
                    0,
                    0
                  ],
                  "uv_size": [
                    1,
                    5
                  ]
                },
                "up": {
                  "uv": [
                    14.5,
                    1
                  ],
                  "uv_size": [
                    -14.5,
                    -1
                  ]
                },
                "down": {
                  "uv": [
                    14.5,
                    1
                  ],
                  "uv_size": [
                    -14.5,
                    -1
                  ]
                }
              }
            },
            {
              "origin": [
                -7,
                10,
                -6.5
              ],
              "size": [
                1.5,
                5,
                13
              ],
              "uv": {
                "north": {
                  "uv": [
                    0,
                    0
                  ],
                  "uv_size": [
                    1.5,
                    5
                  ]
                },
                "east": {
                  "uv": [
                    0,
                    0
                  ],
                  "uv_size": [
                    13,
                    5
                  ]
                },
                "south": {
                  "uv": [
                    0,
                    0
                  ],
                  "uv_size": [
                    1.5,
                    5
                  ]
                },
                "west": {
                  "uv": [
                    1,
                    1
                  ],
                  "uv_size": [
                    13,
                    5
                  ]
                },
                "up": {
                  "uv": [
                    1.5,
                    13
                  ],
                  "uv_size": [
                    -1.5,
                    -13
                  ]
                },
                "down": {
                  "uv": [
                    1.5,
                    13
                  ],
                  "uv_size": [
                    -1.5,
                    -13
                  ]
                }
              }
            },
            {
              "origin": [
                -8,
                15,
                -5.5
              ],
              "size": [
                2.5,
                1,
                12
              ],
              "uv": {
                "north": {
                  "uv": [
                    0,
                    0
                  ],
                  "uv_size": [
                    2.5,
                    1
                  ]
                },
                "east": {
                  "uv": [
                    0,
                    0
                  ],
                  "uv_size": [
                    12,
                    1
                  ]
                },
                "south": {
                  "uv": [
                    0,
                    0
                  ],
                  "uv_size": [
                    2.5,
                    1
                  ]
                },
                "west": {
                  "uv": [
                    0,
                    0
                  ],
                  "uv_size": [
                    12,
                    1
                  ]
                },
                "up": {
                  "uv": [
                    16,
                    14
                  ],
                  "uv_size": [
                    -2.5,
                    -12
                  ]
                },
                "down": {
                  "uv": [
                    2.5,
                    12
                  ],
                  "uv_size": [
                    -2.5,
                    -12
                  ]
                }
              }
            },
            {
              "origin": [
                6,
                10,
                -6.5
              ],
              "size": [
                2.5,
                6,
                13
              ],
              "uv": {
                "north": {
                  "uv": [
                    0,
                    0
                  ],
                  "uv_size": [
                    2.5,
                    6
                  ]
                },
                "east": {
                  "uv": [
                    1,
                    1
                  ],
                  "uv_size": [
                    13,
                    6
                  ]
                },
                "south": {
                  "uv": [
                    0,
                    0
                  ],
                  "uv_size": [
                    2.5,
                    6
                  ]
                },
                "west": {
                  "uv": [
                    0,
                    0
                  ],
                  "uv_size": [
                    13,
                    6
                  ]
                },
                "up": {
                  "uv": [
                    2.5,
                    14
                  ],
                  "uv_size": [
                    -2.5,
                    -13
                  ]
                },
                "down": {
                  "uv": [
                    2.5,
                    13
                  ],
                  "uv_size": [
                    -2.5,
                    -13
                  ]
                }
              }
            }
          ]
        },
        {
          "name": "Faucet",
          "pivot": [
            -26,
            13,
            15
          ],
          "cubes": [
            {
              "origin": [
                0,
                16,
                -8
              ],
              "size": [
                1.25,
                3,
                1.25
              ],
              "uv": {
                "north": {
                  "uv": [
                    0,
                    0
                  ],
                  "uv_size": [
                    1.25,
                    3
                  ]
                },
                "east": {
                  "uv": [
                    0,
                    0
                  ],
                  "uv_size": [
                    1.25,
                    3
                  ]
                },
                "south": {
                  "uv": [
                    14.75,
                    0
                  ],
                  "uv_size": [
                    1,
                    3
                  ]
                },
                "west": {
                  "uv": [
                    0,
                    0
                  ],
                  "uv_size": [
                    1.25,
                    3
                  ]
                },
                "up": {
                  "uv": [
                    1.25,
                    1.25
                  ],
                  "uv_size": [
                    -1.25,
                    -1.25
                  ]
                },
                "down": {
                  "uv": [
                    1.25,
                    1.25
                  ],
                  "uv_size": [
                    -1.25,
                    -1.25
                  ]
                }
              }
            },
            {
              "origin": [
                0.125,
                19,
                -7.875
              ],
              "size": [
                1,
                4,
                1
              ],
              "uv": {
                "north": {
                  "uv": [
                    0,
                    0
                  ],
                  "uv_size": [
                    1,
                    4
                  ]
                },
                "east": {
                  "uv": [
                    0,
                    0
                  ],
                  "uv_size": [
                    1,
                    4
                  ]
                },
                "south": {
                  "uv": [
                    14.75,
                    0
                  ],
                  "uv_size": [
                    1,
                    3
                  ]
                },
                "west": {
                  "uv": [
                    0,
                    0
                  ],
                  "uv_size": [
                    1,
                    4
                  ]
                },
                "up": {
                  "uv": [
                    1,
                    1
                  ],
                  "uv_size": [
                    -1,
                    -1
                  ]
                },
                "down": {
                  "uv": [
                    1,
                    1
                  ],
                  "uv_size": [
                    -1,
                    -1
                  ]
                }
              }
            },
            {
              "origin": [
                -1.375,
                17.5,
                -7.875
              ],
              "size": [
                0.5,
                2,
                1
              ],
              "uv": {
                "north": {
                  "uv": [
                    0,
                    0
                  ],
                  "uv_size": [
                    0.5,
                    2
                  ]
                },
                "east": {
                  "uv": [
                    0,
                    0
                  ],
                  "uv_size": [
                    1,
                    2
                  ]
                },
                "south": {
                  "uv": [
                    14.75,
                    0
                  ],
                  "uv_size": [
                    1,
                    3
                  ]
                },
                "west": {
                  "uv": [
                    0,
                    0
                  ],
                  "uv_size": [
                    1,
                    2
                  ]
                },
                "up": {
                  "uv": [
                    1,
                    0.5
                  ],
                  "uv_size": [
                    -1,
                    -0.5
                  ]
                },
                "down": {
                  "uv": [
                    1,
                    0.5
                  ],
                  "uv_size": [
                    -1,
                    -0.5
                  ]
                }
              }
            },
            {
              "origin": [
                -1.375,
                17.17767,
                6.69607
              ],
              "size": [
                1.5,
                1,
                1
              ],
              "pivot": [
                0,
                0,
                0
              ],
              "rotation": [
                45,
                0,
                0
              ],
              "uv": {
                "north": {
                  "uv": [
                    0,
                    0
                  ],
                  "uv_size": [
                    1.5,
                    1
                  ]
                },
                "east": {
                  "uv": [
                    0,
                    0
                  ],
                  "uv_size": [
                    1,
                    1
                  ]
                },
                "south": {
                  "uv": [
                    14.75,
                    0
                  ],
                  "uv_size": [
                    1,
                    3
                  ]
                },
                "west": {
                  "uv": [
                    0,
                    0
                  ],
                  "uv_size": [
                    1,
                    1
                  ]
                },
                "up": {
                  "uv": [
                    1,
                    1.5
                  ],
                  "uv_size": [
                    -1,
                    -1.5
                  ]
                },
                "down": {
                  "uv": [
                    1,
                    1.5
                  ],
                  "uv_size": [
                    -1,
                    -1.5
                  ]
                }
              }
            },
            {
              "origin": [
                0.125,
                22,
                -5.3
              ],
              "size": [
                1,
                1,
                1
              ],
              "uv": {
                "north": {
                  "uv": [
                    0,
                    0
                  ],
                  "uv_size": [
                    1,
                    1
                  ]
                },
                "east": {
                  "uv": [
                    0,
                    0
                  ],
                  "uv_size": [
                    1,
                    1
                  ]
                },
                "south": {
                  "uv": [
                    14.75,
                    0
                  ],
                  "uv_size": [
                    1,
                    3
                  ]
                },
                "west": {
                  "uv": [
                    0,
                    0
                  ],
                  "uv_size": [
                    1,
                    1
                  ]
                },
                "up": {
                  "uv": [
                    1,
                    1
                  ],
                  "uv_size": [
                    -1,
                    -1
                  ]
                },
                "down": {
                  "uv": [
                    1,
                    1
                  ],
                  "uv_size": [
                    -1,
                    -1
                  ]
                }
              }
            },
            {
              "origin": [
                0.125,
                18.14104,
                -16.09716
              ],
              "size": [
                1,
                1,
                1
              ],
              "pivot": [
                0,
                0,
                0
              ],
              "rotation": [
                -22.5,
                0,
                0
              ],
              "uv": {
                "north": {
                  "uv": [
                    0,
                    0
                  ],
                  "uv_size": [
                    1,
                    1
                  ]
                },
                "east": {
                  "uv": [
                    0,
                    0
                  ],
                  "uv_size": [
                    1,
                    1
                  ]
                },
                "south": {
                  "uv": [
                    14.75,
                    0
                  ],
                  "uv_size": [
                    1,
                    3
                  ]
                },
                "west": {
                  "uv": [
                    0,
                    0
                  ],
                  "uv_size": [
                    1,
                    1
                  ]
                },
                "up": {
                  "uv": [
                    1,
                    1
                  ],
                  "uv_size": [
                    -1,
                    -1
                  ]
                },
                "down": {
                  "uv": [
                    1,
                    1
                  ],
                  "uv_size": [
                    -1,
                    -1
                  ]
                }
              }
            },
            {
              "origin": [
                0.125,
                23.99749,
                2.27053
              ],
              "size": [
                1,
                1,
                1
              ],
              "pivot": [
                0,
                0,
                0
              ],
              "rotation": [
                22.5,
                0,
                0
              ],
              "uv": {
                "north": {
                  "uv": [
                    0,
                    0
                  ],
                  "uv_size": [
                    1,
                    1
                  ]
                },
                "east": {
                  "uv": [
                    0,
                    0
                  ],
                  "uv_size": [
                    1,
                    1
                  ]
                },
                "south": {
                  "uv": [
                    14.75,
                    0
                  ],
                  "uv_size": [
                    1,
                    3
                  ]
                },
                "west": {
                  "uv": [
                    0,
                    0
                  ],
                  "uv_size": [
                    1,
                    1
                  ]
                },
                "up": {
                  "uv": [
                    1,
                    1
                  ],
                  "uv_size": [
                    -1,
                    -1
                  ]
                },
                "down": {
                  "uv": [
                    1,
                    1
                  ],
                  "uv_size": [
                    -1,
                    -1
                  ]
                }
              }
            },
            {
              "origin": [
                0.125,
                23.375,
                -6.5
              ],
              "size": [
                1,
                1,
                1
              ],
              "uv": {
                "north": {
                  "uv": [
                    0,
                    0
                  ],
                  "uv_size": [
                    1,
                    1
                  ]
                },
                "east": {
                  "uv": [
                    0,
                    0
                  ],
                  "uv_size": [
                    1,
                    1
                  ]
                },
                "south": {
                  "uv": [
                    14.75,
                    0
                  ],
                  "uv_size": [
                    1,
                    3
                  ]
                },
                "west": {
                  "uv": [
                    0,
                    0
                  ],
                  "uv_size": [
                    1,
                    1
                  ]
                },
                "up": {
                  "uv": [
                    1,
                    1
                  ],
                  "uv_size": [
                    -1,
                    -1
                  ]
                },
                "down": {
                  "uv": [
                    1,
                    1
                  ],
                  "uv_size": [
                    -1,
                    -1
                  ]
                }
              }
            },
            {
              "origin": [
                0.125,
                19.38797,
                -14.5332
              ],
              "size": [
                1,
                1,
                1
              ],
              "pivot": [
                0,
                0,
                0
              ],
              "rotation": [
                -22.5,
                0,
                0
              ],
              "uv": {
                "north": {
                  "uv": [
                    0,
                    0
                  ],
                  "uv_size": [
                    1,
                    1
                  ]
                },
                "east": {
                  "uv": [
                    0,
                    0
                  ],
                  "uv_size": [
                    1,
                    1
                  ]
                },
                "south": {
                  "uv": [
                    14.75,
                    0
                  ],
                  "uv_size": [
                    1,
                    3
                  ]
                },
                "west": {
                  "uv": [
                    0,
                    0
                  ],
                  "uv_size": [
                    1,
                    1
                  ]
                },
                "up": {
                  "uv": [
                    1,
                    1
                  ],
                  "uv_size": [
                    -1,
                    -1
                  ]
                },
                "down": {
                  "uv": [
                    1,
                    1
                  ],
                  "uv_size": [
                    -1,
                    -1
                  ]
                }
              }
            },
            {
              "origin": [
                0.125,
                22.93212,
                3.81829
              ],
              "size": [
                1,
                1,
                1
              ],
              "pivot": [
                0,
                0,
                0
              ],
              "rotation": [
                22.5,
                0,
                0
              ],
              "uv": {
                "north": {
                  "uv": [
                    0,
                    0
                  ],
                  "uv_size": [
                    1,
                    1
                  ]
                },
                "east": {
                  "uv": [
                    0,
                    0
                  ],
                  "uv_size": [
                    1,
                    1
                  ]
                },
                "south": {
                  "uv": [
                    14.75,
                    0
                  ],
                  "uv_size": [
                    1,
                    3
                  ]
                },
                "west": {
                  "uv": [
                    0,
                    0
                  ],
                  "uv_size": [
                    1,
                    1
                  ]
                },
                "up": {
                  "uv": [
                    1,
                    1
                  ],
                  "uv_size": [
                    -1,
                    -1
                  ]
                },
                "down": {
                  "uv": [
                    1,
                    1
                  ],
                  "uv_size": [
                    -1,
                    -1
                  ]
                }
              }
            }
          ]
        }
      ]
    }
  ]
}