{
  "format_version": "1.12.0",
  "minecraft:geometry": [
    {
      "description": {
        "identifier": "geometry.pa_sidetable",
        "texture_width": 436,
        "texture_height": 482,
        "visible_bounds_width": 2,
        "visible_bounds_height": 2.5,
        "visible_bounds_offset": [
          0,
          0.75,
          0
        ]
      },
      "bones": [
        {
          "name": "bone",
          "pivot": [
            8,
            0,
            -10
          ],
          "cubes": [
            {
              "origin": [
                5,
                0,
                -8
              ],
              "size": [
                1,
                4,
                1
              ],
              "uv": {
                "north": {
                  "uv": [
                    340.625,
                    0
                  ],
                  "uv_size": [
                    -10.21875,
                    64.01563
                  ]
                },
                "east": {
                  "uv": [
                    344.03125,
                    0
                  ],
                  "uv_size": [
                    -17.03125,
                    56.48438
                  ]
                },
                "south": {
                  "uv": [
                    327,
                    0
                  ],
                  "uv_size": [
                    13.625,
                    60.25
                  ]
                },
                "west": {
                  "uv": [
                    344.03125,
                    0
                  ],
                  "uv_size": [
                    -13.625,
                    60.25
                  ]
                },
                "up": {
                  "uv": [
                    357.65625,
                    26.35938
                  ],
                  "uv_size": [
                    -13.625,
                    -15.0625
                  ]
                },
                "down": {
                  "uv": [
                    354.25,
                    22.59375
                  ],
                  "uv_size": [
                    -13.625,
                    -15.0625
                  ]
                }
              }
            },
            {
              "origin": [
                -6,
                0,
                -8
              ],
              "size": [
                1,
                4,
                1
              ],
              "uv": {
                "north": {
                  "uv": [
                    330.40625,
                    0
                  ],
                  "uv_size": [
                    13.625,
                    48.95313
                  ]
                },
                "east": {
                  "uv": [
                    340.625,
                    0
                  ],
                  "uv_size": [
                    -13.625,
                    60.25
                  ]
                },
                "south": {
                  "uv": [
                    327,
                    0
                  ],
                  "uv_size": [
                    13.625,
                    60.25
                  ]
                },
                "west": {
                  "uv": [
                    327,
                    0
                  ],
                  "uv_size": [
                    13.625,
                    60.25
                  ]
                },
                "up": {
                  "uv": [
                    347.4375,
                    18.82813
                  ],
                  "uv_size": [
                    -13.625,
                    -15.0625
                  ]
                },
                "down": {
                  "uv": [
                    344.03125,
                    15.0625
                  ],
                  "uv_size": [
                    -13.625,
                    -15.0625
                  ]
                }
              }
            },
            {
              "origin": [
                -6,
                0,
                3
              ],
              "size": [
                1,
                4,
                1
              ],
              "uv": {
                "north": {
                  "uv": [
                    340.625,
                    0
                  ],
                  "uv_size": [
                    -13.625,
                    60.25
                  ]
                },
                "east": {
                  "uv": [
                    327,
                    0
                  ],
                  "uv_size": [
                    13.625,
                    60.25
                  ]
                },
                "south": {
                  "uv": [
                    327,
                    0
                  ],
                  "uv_size": [
                    13.625,
                    60.25
                  ]
                },
                "west": {
                  "uv": [
                    340.625,
                    0
                  ],
                  "uv_size": [
                    -13.625,
                    60.25
                  ]
                },
                "up": {
                  "uv": [
                    344.03125,
                    45.1875
                  ],
                  "uv_size": [
                    -13.625,
                    -15.0625
                  ]
                },
                "down": {
                  "uv": [
                    340.625,
                    15.0625
                  ],
                  "uv_size": [
                    -13.625,
                    -15.0625
                  ]
                }
              }
            },
            {
              "origin": [
                5,
                0,
                3
              ],
              "size": [
                1,
                4,
                1
              ],
              "uv": {
                "north": {
                  "uv": [
                    350.84375,
                    0
                  ],
                  "uv_size": [
                    -10.21875,
                    56.48438
                  ]
                },
                "east": {
                  "uv": [
                    333.8125,
                    0
                  ],
                  "uv_size": [
                    13.625,
                    60.25
                  ]
                },
                "south": {
                  "uv": [
                    327,
                    0
                  ],
                  "uv_size": [
                    13.625,
                    60.25
                  ]
                },
                "west": {
                  "uv": [
                    344.03125,
                    0
                  ],
                  "uv_size": [
                    -13.625,
                    60.25
                  ]
                },
                "up": {
                  "uv": [
                    354.25,
                    30.125
                  ],
                  "uv_size": [
                    -13.625,
                    -15.0625
                  ]
                },
                "down": {
                  "uv": [
                    357.65625,
                    22.59375
                  ],
                  "uv_size": [
                    -13.625,
                    -15.0625
                  ]
                }
              }
            },
            {
              "origin": [
                -7,
                4,
                -9
              ],
              "size": [
                14,
                11,
                13
              ],
              "uv": {
                "north": {
                  "uv": [
                    149.875,
                    0
                  ],
                  "uv_size": [
                    68.125,
                    67.78125
                  ]
                },
                "east": {
                  "uv": [
                    149.875,
                    0
                  ],
                  "uv_size": [
                    68.125,
                    79.07813
                  ]
                },
                "south": {
                  "uv": [
                    149.875,
                    0
                  ],
                  "uv_size": [
                    68.125,
                    67.78125
                  ]
                },
                "west": {
                  "uv": [
                    149.875,
                    0
                  ],
                  "uv_size": [
                    68.125,
                    71.54688
                  ]
                },
                "up": {
                  "uv": [
                    218,
                    75.3125
                  ],
                  "uv_size": [
                    -71.53125,
                    -75.3125
                  ]
                },
                "down": {
                  "uv": [
                    218,
                    79.07813
                  ],
                  "uv_size": [
                    -71.53125,
                    -79.07812
                  ]
                }
              }
            },
            {
              "origin": [
                6,
                4,
                4
              ],
              "size": [
                1,
                11,
                1
              ],
              "uv": {
                "north": {
                  "uv": [
                    180.53125,
                    241
                  ],
                  "uv_size": [
                    13.625,
                    165.6875
                  ]
                },
                "east": {
                  "uv": [
                    177.125,
                    241
                  ],
                  "uv_size": [
                    13.625,
                    165.6875
                  ]
                },
                "south": {
                  "uv": [
                    173.71875,
                    241
                  ],
                  "uv_size": [
                    -13.625,
                    165.6875
                  ]
                },
                "west": {
                  "uv": [
                    173.71875,
                    241
                  ],
                  "uv_size": [
                    13.625,
                    165.6875
                  ]
                },
                "up": {
                  "uv": [
                    187.34375,
                    286.1875
                  ],
                  "uv_size": [
                    -13.625,
                    -15.0625
                  ]
                },
                "down": {
                  "uv": [
                    177.125,
                    286.1875
                  ],
                  "uv_size": [
                    -13.625,
                    -15.0625
                  ]
                }
              }
            },
            {
              "origin": [
                -7,
                4,
                4
              ],
              "size": [
                1,
                11,
                1
              ],
              "uv": {
                "north": {
                  "uv": [
                    163.5,
                    241
                  ],
                  "uv_size": [
                    13.625,
                    165.6875
                  ]
                },
                "east": {
                  "uv": [
                    180.53125,
                    241
                  ],
                  "uv_size": [
                    -13.625,
                    150.625
                  ]
                },
                "south": {
                  "uv": [
                    153.28125,
                    241
                  ],
                  "uv_size": [
                    13.625,
                    165.6875
                  ]
                },
                "west": {
                  "uv": [
                    153.28125,
                    241
                  ],
                  "uv_size": [
                    13.625,
                    165.6875
                  ]
                },
                "up": {
                  "uv": [
                    166.90625,
                    271.125
                  ],
                  "uv_size": [
                    -13.625,
                    -15.0625
                  ]
                },
                "down": {
                  "uv": [
                    197.5625,
                    289.95313
                  ],
                  "uv_size": [
                    -13.625,
                    -15.0625
                  ]
                }
              }
            },
            {
              "origin": [
                -6,
                14,
                4
              ],
              "size": [
                12,
                1,
                1
              ],
              "uv": {
                "north": {
                  "uv": [
                    183.9375,
                    263.59375
                  ],
                  "uv_size": [
                    34.0625,
                    11.29688
                  ]
                },
                "east": {
                  "uv": [
                    163.5,
                    271.125
                  ],
                  "uv_size": [
                    13.625,
                    15.0625
                  ]
                },
                "south": {
                  "uv": [
                    149.875,
                    289.95313
                  ],
                  "uv_size": [
                    68.125,
                    18.82813
                  ]
                },
                "west": {
                  "uv": [
                    143.0625,
                    271.125
                  ],
                  "uv_size": [
                    13.625,
                    15.0625
                  ]
                },
                "up": {
                  "uv": [
                    163.5,
                    256.0625
                  ],
                  "uv_size": [
                    3.40625,
                    90.375
                  ]
                },
                "down": {
                  "uv": [
                    218,
                    335.14063
                  ],
                  "uv_size": [
                    -51.09375,
                    -15.0625
                  ]
                }
              }
            },
            {
              "origin": [
                -2,
                15.82683,
                -0.2388
              ],
              "size": [
                8,
                8,
                1
              ],
              "pivot": [
                0,
                0,
                0
              ],
              "rotation": [
                22.5,
                0,
                0
              ],
              "uv": {
                "north": {
                  "uv": [
                    0,
                    241
                  ],
                  "uv_size": [
                    109,
                    120.5
                  ]
                },
                "east": {
                  "uv": [
                    0,
                    241
                  ],
                  "uv_size": [
                    13.625,
                    120.5
                  ]
                },
                "south": {
                  "uv": [
                    218,
                    241
                  ],
                  "uv_size": [
                    218,
                    241
                  ]
                },
                "west": {
                  "uv": [
                    0,
                    241
                  ],
                  "uv_size": [
                    13.625,
                    120.5
                  ]
                },
                "up": {
                  "uv": [
                    109,
                    256.0625
                  ],
                  "uv_size": [
                    -109,
                    -15.0625
                  ]
                },
                "down": {
                  "uv": [
                    109,
                    256.0625
                  ],
                  "uv_size": [
                    -109,
                    -15.0625
                  ]
                }
              }
            },
            {
              "origin": [
                5,
                15.82683,
                0.7612
              ],
              "size": [
                1,
                8,
                1
              ],
              "pivot": [
                0,
                0,
                0
              ],
              "rotation": [
                22.5,
                0,
                0
              ],
              "uv": {
                "north": {
                  "uv": [
                    0,
                    241
                  ],
                  "uv_size": [
                    1,
                    8
                  ]
                },
                "east": {
                  "uv": [
                    0,
                    241
                  ],
                  "uv_size": [
                    1,
                    8
                  ]
                },
                "south": {
                  "uv": [
                    0,
                    241
                  ],
                  "uv_size": [
                    1,
                    8
                  ]
                },
                "west": {
                  "uv": [
                    0,
                    241
                  ],
                  "uv_size": [
                    1,
                    8
                  ]
                },
                "up": {
                  "uv": [
                    1,
                    242
                  ],
                  "uv_size": [
                    -1,
                    -1
                  ]
                },
                "down": {
                  "uv": [
                    1,
                    242
                  ],
                  "uv_size": [
                    -1,
                    -1
                  ]
                }
              }
            },
            {
              "origin": [
                -2,
                15.82683,
                0.7612
              ],
              "size": [
                1,
                8,
                1
              ],
              "pivot": [
                0,
                0,
                0
              ],
              "rotation": [
                22.5,
                0,
                0
              ],
              "uv": {
                "north": {
                  "uv": [
                    0,
                    241
                  ],
                  "uv_size": [
                    1,
                    8
                  ]
                },
                "east": {
                  "uv": [
                    0,
                    241
                  ],
                  "uv_size": [
                    1,
                    8
                  ]
                },
                "south": {
                  "uv": [
                    0,
                    241
                  ],
                  "uv_size": [
                    1,
                    8
                  ]
                },
                "west": {
                  "uv": [
                    0,
                    241
                  ],
                  "uv_size": [
                    1,
                    8
                  ]
                },
                "up": {
                  "uv": [
                    1,
                    242
                  ],
                  "uv_size": [
                    -1,
                    -1
                  ]
                },
                "down": {
                  "uv": [
                    1,
                    242
                  ],
                  "uv_size": [
                    -1,
                    -1
                  ]
                }
              }
            },
            {
              "origin": [
                -1,
                22.82683,
                0.7612
              ],
              "size": [
                6,
                1,
                1
              ],
              "pivot": [
                0,
                0,
                0
              ],
              "rotation": [
                22.5,
                0,
                0
              ],
              "uv": {
                "north": {
                  "uv": [
                    0,
                    241
                  ],
                  "uv_size": [
                    6,
                    1
                  ]
                },
                "east": {
                  "uv": [
                    0,
                    241
                  ],
                  "uv_size": [
                    1,
                    1
                  ]
                },
                "south": {
                  "uv": [
                    0,
                    241
                  ],
                  "uv_size": [
                    6,
                    1
                  ]
                },
                "west": {
                  "uv": [
                    0,
                    241
                  ],
                  "uv_size": [
                    1,
                    1
                  ]
                },
                "up": {
                  "uv": [
                    6,
                    242
                  ],
                  "uv_size": [
                    -6,
                    -1
                  ]
                },
                "down": {
                  "uv": [
                    6,
                    242
                  ],
                  "uv_size": [
                    -6,
                    -1
                  ]
                }
              }
            },
            {
              "origin": [
                -1,
                15.82683,
                0.7612
              ],
              "size": [
                6,
                1,
                1
              ],
              "pivot": [
                0,
                0,
                0
              ],
              "rotation": [
                22.5,
                0,
                0
              ],
              "uv": {
                "north": {
                  "uv": [
                    0,
                    241
                  ],
                  "uv_size": [
                    6,
                    1
                  ]
                },
                "east": {
                  "uv": [
                    0,
                    241
                  ],
                  "uv_size": [
                    1,
                    1
                  ]
                },
                "south": {
                  "uv": [
                    0,
                    241
                  ],
                  "uv_size": [
                    6,
                    1
                  ]
                },
                "west": {
                  "uv": [
                    0,
                    241
                  ],
                  "uv_size": [
                    1,
                    1
                  ]
                },
                "up": {
                  "uv": [
                    6,
                    242
                  ],
                  "uv_size": [
                    -6,
                    -1
                  ]
                },
                "down": {
                  "uv": [
                    6,
                    242
                  ],
                  "uv_size": [
                    -6,
                    -1
                  ]
                }
              }
            },
            {
              "origin": [
                -6,
                4,
                4
              ],
              "size": [
                12,
                1,
                1
              ],
              "uv": {
                "north": {
                  "uv": [
                    156.6875,
                    252.29688
                  ],
                  "uv_size": [
                    61.3125,
                    11.29688
                  ]
                },
                "east": {
                  "uv": [
                    163.5,
                    301.25
                  ],
                  "uv_size": [
                    13.625,
                    15.0625
                  ]
                },
                "south": {
                  "uv": [
                    146.46875,
                    267.35938
                  ],
                  "uv_size": [
                    17.03125,
                    33.89063
                  ]
                },
                "west": {
                  "uv": [
                    160.09375,
                    259.82813
                  ],
                  "uv_size": [
                    13.625,
                    15.0625
                  ]
                },
                "up": {
                  "uv": [
                    218,
                    263.59375
                  ],
                  "uv_size": [
                    -37.46875,
                    -7.53125
                  ]
                },
                "down": {
                  "uv": [
                    218,
                    263.59375
                  ],
                  "uv_size": [
                    -61.3125,
                    -15.0625
                  ]
                }
              }
            },
            {
              "origin": [
                -6,
                9,
                4
              ],
              "size": [
                12,
                1,
                1
              ],
              "uv": {
                "north": {
                  "uv": [
                    149.875,
                    241
                  ],
                  "uv_size": [
                    68.125,
                    18.82813
                  ]
                },
                "east": {
                  "uv": [
                    160.09375,
                    267.35938
                  ],
                  "uv_size": [
                    13.625,
                    15.0625
                  ]
                },
                "south": {
                  "uv": [
                    187.34375,
                    244.76563
                  ],
                  "uv_size": [
                    30.65625,
                    15.0625
                  ]
                },
                "west": {
                  "uv": [
                    156.6875,
                    293.71875
                  ],
                  "uv_size": [
                    13.625,
                    15.0625
                  ]
                },
                "up": {
                  "uv": [
                    218,
                    256.0625
                  ],
                  "uv_size": [
                    -61.3125,
                    -15.0625
                  ]
                },
                "down": {
                  "uv": [
                    218,
                    252.29688
                  ],
                  "uv_size": [
                    -47.6875,
                    -11.29687
                  ]
                }
              }
            },
            {
              "origin": [
                -2,
                11,
                4
              ],
              "size": [
                4,
                1,
                1
              ],
              "uv": {
                "north": {
                  "uv": [
                    0,
                    305.01563
                  ],
                  "uv_size": [
                    20.4375,
                    15.0625
                  ]
                },
                "east": {
                  "uv": [
                    10.21875,
                    297.48438
                  ],
                  "uv_size": [
                    13.625,
                    15.0625
                  ]
                },
                "south": {
                  "uv": [
                    0,
                    301.25
                  ],
                  "uv_size": [
                    20.4375,
                    11.29688
                  ]
                },
                "west": {
                  "uv": [
                    6.8125,
                    301.25
                  ],
                  "uv_size": [
                    13.625,
                    15.0625
                  ]
                },
                "up": {
                  "uv": [
                    17.03125,
                    320.07813
                  ],
                  "uv_size": [
                    -17.03125,
                    -15.0625
                  ]
                },
                "down": {
                  "uv": [
                    17.03125,
                    312.54688
                  ],
                  "uv_size": [
                    -13.625,
                    -18.82812
                  ]
                }
              }
            },
            {
              "origin": [
                -2,
                6,
                4
              ],
              "size": [
                4,
                1,
                1
              ],
              "uv": {
                "north": {
                  "uv": [
                    0,
                    282.42188
                  ],
                  "uv_size": [
                    23.84375,
                    15.0625
                  ]
                },
                "east": {
                  "uv": [
                    0,
                    289.95313
                  ],
                  "uv_size": [
                    13.625,
                    15.0625
                  ]
                },
                "south": {
                  "uv": [
                    0,
                    282.42188
                  ],
                  "uv_size": [
                    20.4375,
                    7.53125
                  ]
                },
                "west": {
                  "uv": [
                    3.40625,
                    289.95313
                  ],
                  "uv_size": [
                    13.625,
                    15.0625
                  ]
                },
                "up": {
                  "uv": [
                    17.03125,
                    274.89063
                  ],
                  "uv_size": [
                    -17.03125,
                    7.53125
                  ]
                },
                "down": {
                  "uv": [
                    17.03125,
                    301.25
                  ],
                  "uv_size": [
                    -17.03125,
                    -11.29687
                  ]
                }
              }
            },
            {
              "origin": [
                -6,
                15,
                -4
              ],
              "size": [
                6,
                1,
                6
              ],
              "uv": {
                "north": {
                  "uv": [
                    136.25,
                    357.73438
                  ],
                  "uv_size": [
                    81.75,
                    15.0625
                  ]
                },
                "east": {
                  "uv": [
                    132.84375,
                    301.25
                  ],
                  "uv_size": [
                    81.75,
                    15.0625
                  ]
                },
                "south": {
                  "uv": [
                    132.84375,
                    320.07813
                  ],
                  "uv_size": [
                    81.75,
                    15.0625
                  ]
                },
                "west": {
                  "uv": [
                    119.21875,
                    414.21875
                  ],
                  "uv_size": [
                    81.75,
                    15.0625
                  ]
                },
                "up": {
                  "uv": [
                    105.59375,
                    414.21875
                  ],
                  "uv_size": [
                    -68.125,
                    -173.21875
                  ]
                },
                "down": {
                  "uv": [
                    218,
                    338.90625
                  ],
                  "uv_size": [
                    -81.75,
                    -90.375
                  ]
                }
              }
            }
          ]
        }
      ]
    }
  ]
}