{
  "format_version": "1.12.0",
  "minecraft:geometry": [
    {
      "description": {
        "identifier": "geometry.pa_table",
        "texture_width": 32,
        "texture_height": 32,
        "visible_bounds_width": 3,
        "visible_bounds_height": 2.5,
        "visible_bounds_offset": [
          0,
          0.75,
          0
        ]
      },
      "bones": [
        {
          "name": "Outline",
          "pivot": [
            -8,
            8,
            8
          ],
          "cubes": [
            {
              "origin": [
                7.5,
                0,
                -8
              ],
              "size": [
                1,
                14,
                1
              ],
              "uv": {
                "north": {
                  "uv": [
                    16,
                    0
                  ],
                  "uv_size": [
                    1,
                    15
                  ]
                },
                "east": {
                  "uv": [
                    16,
                    0
                  ],
                  "uv_size": [
                    1,
                    15
                  ]
                },
                "south": {
                  "uv": [
                    16,
                    0
                  ],
                  "uv_size": [
                    1,
                    15
                  ]
                },
                "west": {
                  "uv": [
                    16,
                    0
                  ],
                  "uv_size": [
                    1,
                    15
                  ]
                },
                "up": {
                  "uv": [
                    17,
                    1
                  ],
                  "uv_size": [
                    -1,
                    -1
                  ]
                },
                "down": {
                  "uv": [
                    17,
                    1
                  ],
                  "uv_size": [
                    -1,
                    -1
                  ]
                }
              }
            },
            {
              "origin": [
                7.5,
                0,
                7
              ],
              "size": [
                1,
                14,
                1
              ],
              "uv": {
                "north": {
                  "uv": [
                    16,
                    0
                  ],
                  "uv_size": [
                    1,
                    15
                  ]
                },
                "east": {
                  "uv": [
                    16,
                    0
                  ],
                  "uv_size": [
                    1,
                    15
                  ]
                },
                "south": {
                  "uv": [
                    16,
                    0
                  ],
                  "uv_size": [
                    1,
                    15
                  ]
                },
                "west": {
                  "uv": [
                    16,
                    0
                  ],
                  "uv_size": [
                    1,
                    15
                  ]
                },
                "up": {
                  "uv": [
                    17,
                    1
                  ],
                  "uv_size": [
                    -1,
                    -1
                  ]
                },
                "down": {
                  "uv": [
                    17,
                    1
                  ],
                  "uv_size": [
                    -1,
                    -1
                  ]
                }
              }
            },
            {
              "origin": [
                -8,
                0,
                -8
              ],
              "size": [
                1,
                15.5,
                1
              ],
              "uv": {
                "north": {
                  "uv": [
                    16,
                    0
                  ],
                  "uv_size": [
                    1,
                    10.5
                  ]
                },
                "east": {
                  "uv": [
                    16,
                    0
                  ],
                  "uv_size": [
                    1,
                    10.5
                  ]
                },
                "south": {
                  "uv": [
                    16,
                    0
                  ],
                  "uv_size": [
                    1,
                    10.5
                  ]
                },
                "west": {
                  "uv": [
                    16,
                    0
                  ],
                  "uv_size": [
                    1,
                    10.5
                  ]
                },
                "up": {
                  "uv": [
                    17,
                    1
                  ],
                  "uv_size": [
                    -1,
                    -1
                  ]
                },
                "down": {
                  "uv": [
                    17,
                    1
                  ],
                  "uv_size": [
                    -1,
                    -1
                  ]
                }
              }
            },
            {
              "origin": [
                -8,
                0,
                7
              ],
              "size": [
                1,
                15,
                1
              ],
              "uv": {
                "north": {
                  "uv": [
                    16,
                    0
                  ],
                  "uv_size": [
                    1,
                    15
                  ]
                },
                "east": {
                  "uv": [
                    16,
                    0
                  ],
                  "uv_size": [
                    1,
                    15
                  ]
                },
                "south": {
                  "uv": [
                    16,
                    0
                  ],
                  "uv_size": [
                    1,
                    15
                  ]
                },
                "west": {
                  "uv": [
                    16,
                    0
                  ],
                  "uv_size": [
                    1,
                    15
                  ]
                },
                "up": {
                  "uv": [
                    17,
                    1
                  ],
                  "uv_size": [
                    -1,
                    -1
                  ]
                },
                "down": {
                  "uv": [
                    17,
                    1
                  ],
                  "uv_size": [
                    -1,
                    -1
                  ]
                }
              }
            },
            {
              "origin": [
                -7.5,
                14,
                7
              ],
              "size": [
                16,
                1,
                1
              ],
              "uv": {
                "north": {
                  "uv": [
                    16,
                    0
                  ],
                  "uv_size": [
                    16,
                    1
                  ]
                },
                "east": {
                  "uv": [
                    16,
                    0
                  ],
                  "uv_size": [
                    1,
                    1
                  ]
                },
                "south": {
                  "uv": [
                    16,
                    0
                  ],
                  "uv_size": [
                    16,
                    1
                  ]
                },
                "west": {
                  "uv": [
                    16,
                    0
                  ],
                  "uv_size": [
                    1,
                    1
                  ]
                },
                "up": {
                  "uv": [
                    32,
                    1
                  ],
                  "uv_size": [
                    -16,
                    -1
                  ]
                },
                "down": {
                  "uv": [
                    32,
                    1
                  ],
                  "uv_size": [
                    -16,
                    -1
                  ]
                }
              }
            },
            {
              "origin": [
                -3,
                11.75,
                8.5
              ],
              "size": [
                7,
                1,
                0.5
              ],
              "uv": {
                "north": {
                  "uv": [
                    16,
                    0
                  ],
                  "uv_size": [
                    7,
                    1
                  ]
                },
                "east": {
                  "uv": [
                    16,
                    0
                  ],
                  "uv_size": [
                    1,
                    1
                  ]
                },
                "south": {
                  "uv": [
                    16,
                    0
                  ],
                  "uv_size": [
                    7,
                    1
                  ]
                },
                "west": {
                  "uv": [
                    16,
                    0
                  ],
                  "uv_size": [
                    1,
                    1
                  ]
                },
                "up": {
                  "uv": [
                    23,
                    1
                  ],
                  "uv_size": [
                    -7,
                    -1
                  ]
                },
                "down": {
                  "uv": [
                    23,
                    1
                  ],
                  "uv_size": [
                    -7,
                    -1
                  ]
                }
              }
            },
            {
              "origin": [
                3,
                11.75,
                7
              ],
              "size": [
                1,
                1,
                1.5
              ],
              "uv": {
                "north": {
                  "uv": [
                    16,
                    0
                  ],
                  "uv_size": [
                    7,
                    1
                  ]
                },
                "east": {
                  "uv": [
                    16,
                    0
                  ],
                  "uv_size": [
                    1,
                    1
                  ]
                },
                "south": {
                  "uv": [
                    16,
                    0
                  ],
                  "uv_size": [
                    7,
                    1
                  ]
                },
                "west": {
                  "uv": [
                    16,
                    0
                  ],
                  "uv_size": [
                    1,
                    1
                  ]
                },
                "up": {
                  "uv": [
                    23,
                    1
                  ],
                  "uv_size": [
                    -7,
                    -1
                  ]
                },
                "down": {
                  "uv": [
                    23,
                    1
                  ],
                  "uv_size": [
                    -7,
                    -1
                  ]
                }
              }
            },
            {
              "origin": [
                -3,
                11.75,
                7
              ],
              "size": [
                1,
                1,
                1.5
              ],
              "uv": {
                "north": {
                  "uv": [
                    16,
                    0
                  ],
                  "uv_size": [
                    7,
                    1
                  ]
                },
                "east": {
                  "uv": [
                    16,
                    0
                  ],
                  "uv_size": [
                    1,
                    1
                  ]
                },
                "south": {
                  "uv": [
                    16,
                    0
                  ],
                  "uv_size": [
                    7,
                    1
                  ]
                },
                "west": {
                  "uv": [
                    16,
                    0
                  ],
                  "uv_size": [
                    1,
                    1
                  ]
                },
                "up": {
                  "uv": [
                    23,
                    1
                  ],
                  "uv_size": [
                    -7,
                    -1
                  ]
                },
                "down": {
                  "uv": [
                    23,
                    1
                  ],
                  "uv_size": [
                    -7,
                    -1
                  ]
                }
              }
            },
            {
              "origin": [
                -7.5,
                14,
                -8
              ],
              "size": [
                16,
                1,
                1
              ],
              "uv": {
                "north": {
                  "uv": [
                    16,
                    0
                  ],
                  "uv_size": [
                    16,
                    1
                  ]
                },
                "east": {
                  "uv": [
                    16,
                    0
                  ],
                  "uv_size": [
                    1,
                    1
                  ]
                },
                "south": {
                  "uv": [
                    16,
                    0
                  ],
                  "uv_size": [
                    16,
                    1
                  ]
                },
                "west": {
                  "uv": [
                    16,
                    0
                  ],
                  "uv_size": [
                    1,
                    1
                  ]
                },
                "up": {
                  "uv": [
                    32,
                    1
                  ],
                  "uv_size": [
                    -16,
                    -1
                  ]
                },
                "down": {
                  "uv": [
                    32,
                    1
                  ],
                  "uv_size": [
                    -16,
                    -1
                  ]
                }
              }
            },
            {
              "origin": [
                -7.5,
                14,
                -7
              ],
              "size": [
                1,
                1,
                14
              ],
              "uv": {
                "north": {
                  "uv": [
                    16,
                    0
                  ],
                  "uv_size": [
                    1,
                    1
                  ]
                },
                "east": {
                  "uv": [
                    16,
                    0
                  ],
                  "uv_size": [
                    14,
                    1
                  ]
                },
                "south": {
                  "uv": [
                    16,
                    0
                  ],
                  "uv_size": [
                    1,
                    1
                  ]
                },
                "west": {
                  "uv": [
                    16,
                    0
                  ],
                  "uv_size": [
                    14,
                    1
                  ]
                },
                "up": {
                  "uv": [
                    17,
                    14
                  ],
                  "uv_size": [
                    -1,
                    -14
                  ]
                },
                "down": {
                  "uv": [
                    17,
                    14
                  ],
                  "uv_size": [
                    -1,
                    -14
                  ]
                }
              }
            },
            {
              "origin": [
                7.5,
                14,
                -7
              ],
              "size": [
                1,
                1,
                14
              ],
              "uv": {
                "north": {
                  "uv": [
                    16,
                    0
                  ],
                  "uv_size": [
                    1,
                    1
                  ]
                },
                "east": {
                  "uv": [
                    16,
                    0
                  ],
                  "uv_size": [
                    14,
                    1
                  ]
                },
                "south": {
                  "uv": [
                    16,
                    0
                  ],
                  "uv_size": [
                    1,
                    1
                  ]
                },
                "west": {
                  "uv": [
                    16,
                    0
                  ],
                  "uv_size": [
                    14,
                    1
                  ]
                },
                "up": {
                  "uv": [
                    17,
                    14
                  ],
                  "uv_size": [
                    -1,
                    -14
                  ]
                },
                "down": {
                  "uv": [
                    17,
                    14
                  ],
                  "uv_size": [
                    -1,
                    -14
                  ]
                }
              }
            },
            {
              "origin": [
                -7.5,
                9.5,
                -8
              ],
              "size": [
                16,
                1,
                16
              ],
              "uv": {
                "north": {
                  "uv": [
                    16,
                    0
                  ],
                  "uv_size": [
                    16,
                    1
                  ]
                },
                "east": {
                  "uv": [
                    16,
                    0
                  ],
                  "uv_size": [
                    16,
                    1
                  ]
                },
                "south": {
                  "uv": [
                    16,
                    0
                  ],
                  "uv_size": [
                    16,
                    1
                  ]
                },
                "west": {
                  "uv": [
                    16,
                    0
                  ],
                  "uv_size": [
                    16,
                    1
                  ]
                },
                "up": {
                  "uv": [
                    32,
                    16
                  ],
                  "uv_size": [
                    -16,
                    -16
                  ]
                },
                "down": {
                  "uv": [
                    32,
                    16
                  ],
                  "uv_size": [
                    -16,
                    -16
                  ]
                }
              }
            }
          ]
        },
        {
          "name": "Wood",
          "pivot": [
            -8,
            8,
            8
          ],
          "cubes": [
            {
              "origin": [
                -8.5,
                15,
                -8.5
              ],
              "size": [
                17.5,
                1,
                17
              ],
              "uv": {
                "north": {
                  "uv": [
                    0,
                    0
                  ],
                  "uv_size": [
                    16,
                    1
                  ]
                },
                "east": {
                  "uv": [
                    0,
                    0
                  ],
                  "uv_size": [
                    16,
                    1
                  ]
                },
                "south": {
                  "uv": [
                    0,
                    0
                  ],
                  "uv_size": [
                    16,
                    1
                  ]
                },
                "west": {
                  "uv": [
                    0,
                    0
                  ],
                  "uv_size": [
                    16,
                    1
                  ]
                },
                "up": {
                  "uv": [
                    16,
                    16
                  ],
                  "uv_size": [
                    -16,
                    -16
                  ]
                },
                "down": {
                  "uv": [
                    16,
                    16
                  ],
                  "uv_size": [
                    -16,
                    -16
                  ]
                }
              }
            },
            {
              "origin": [
                -7.5,
                10.5,
                -7.8
              ],
              "size": [
                15,
                3.5,
                1
              ],
              "uv": {
                "north": {
                  "uv": [
                    0,
                    0
                  ],
                  "uv_size": [
                    16,
                    3.5
                  ]
                },
                "east": {
                  "uv": [
                    0,
                    0
                  ],
                  "uv_size": [
                    1,
                    3.5
                  ]
                },
                "south": {
                  "uv": [
                    0,
                    0
                  ],
                  "uv_size": [
                    16,
                    3.5
                  ]
                },
                "west": {
                  "uv": [
                    0,
                    0
                  ],
                  "uv_size": [
                    1,
                    3.5
                  ]
                },
                "up": {
                  "uv": [
                    16,
                    1
                  ],
                  "uv_size": [
                    -16,
                    -1
                  ]
                },
                "down": {
                  "uv": [
                    16,
                    1
                  ],
                  "uv_size": [
                    -16,
                    -1
                  ]
                }
              }
            },
            {
              "origin": [
                -7,
                10.5,
                6.8
              ],
              "size": [
                14.5,
                3.5,
                1
              ],
              "uv": {
                "north": {
                  "uv": [
                    0,
                    0
                  ],
                  "uv_size": [
                    14.5,
                    3.5
                  ]
                },
                "east": {
                  "uv": [
                    0,
                    0
                  ],
                  "uv_size": [
                    1,
                    3.5
                  ]
                },
                "south": {
                  "uv": [
                    0,
                    0
                  ],
                  "uv_size": [
                    14.5,
                    3.5
                  ]
                },
                "west": {
                  "uv": [
                    0,
                    0
                  ],
                  "uv_size": [
                    1,
                    3.5
                  ]
                },
                "up": {
                  "uv": [
                    14.5,
                    1
                  ],
                  "uv_size": [
                    -14.5,
                    -1
                  ]
                },
                "down": {
                  "uv": [
                    14.5,
                    1
                  ],
                  "uv_size": [
                    -14.5,
                    -1
                  ]
                }
              }
            },
            {
              "origin": [
                7.3,
                10.5,
                -7
              ],
              "size": [
                1,
                3.5,
                14
              ],
              "uv": {
                "north": {
                  "uv": [
                    0,
                    0
                  ],
                  "uv_size": [
                    1,
                    3.5
                  ]
                },
                "east": {
                  "uv": [
                    0,
                    0
                  ],
                  "uv_size": [
                    14,
                    3.5
                  ]
                },
                "south": {
                  "uv": [
                    0,
                    0
                  ],
                  "uv_size": [
                    1,
                    3.5
                  ]
                },
                "west": {
                  "uv": [
                    0,
                    0
                  ],
                  "uv_size": [
                    14,
                    3.5
                  ]
                },
                "up": {
                  "uv": [
                    1,
                    14
                  ],
                  "uv_size": [
                    -1,
                    -14
                  ]
                },
                "down": {
                  "uv": [
                    1,
                    14
                  ],
                  "uv_size": [
                    -1,
                    -14
                  ]
                }
              }
            },
            {
              "origin": [
                -7.7,
                10.5,
                -7
              ],
              "size": [
                1,
                3.5,
                14
              ],
              "uv": {
                "north": {
                  "uv": [
                    0,
                    0
                  ],
                  "uv_size": [
                    1,
                    3.5
                  ]
                },
                "east": {
                  "uv": [
                    0,
                    0
                  ],
                  "uv_size": [
                    14,
                    3.5
                  ]
                },
                "south": {
                  "uv": [
                    0,
                    0
                  ],
                  "uv_size": [
                    1,
                    3.5
                  ]
                },
                "west": {
                  "uv": [
                    0,
                    0
                  ],
                  "uv_size": [
                    14,
                    3.5
                  ]
                },
                "up": {
                  "uv": [
                    1,
                    14
                  ],
                  "uv_size": [
                    -1,
                    -14
                  ]
                },
                "down": {
                  "uv": [
                    1,
                    14
                  ],
                  "uv_size": [
                    -1,
                    -14
                  ]
                }
              }
            }
          ]
        }
      ]
    }
  ]
}