{
  "format_version": "1.12.0",
  "minecraft:geometry": [
    {
      "description": {
        "identifier": "geometry.pa_thread",
        "texture_width": 64,
        "texture_height": 64,
        "visible_bounds_width": 2,
        "visible_bounds_height": 1.5,
        "visible_bounds_offset": [
          0,
          0.25,
          0
        ]
      },
      "bones": [
        {
          "name": "bone",
          "pivot": [
            9,
            0,
            -6
          ],
          "cubes": [
            {
              "origin": [
                2,
                1,
                -2
              ],
              "size": [
                3,
                4,
                3
              ],
              "uv": {
                "north": {
                  "uv": [
                    28,
                    0
                  ],
                  "uv_size": [
                    10,
                    16
                  ]
                },
                "east": {
                  "uv": [
                    28,
                    0
                  ],
                  "uv_size": [
                    10,
                    16
                  ]
                },
                "south": {
                  "uv": [
                    28,
                    0
                  ],
                  "uv_size": [
                    10,
                    16
                  ]
                },
                "west": {
                  "uv": [
                    28,
                    0
                  ],
                  "uv_size": [
                    10,
                    16
                  ]
                },
                "up": {
                  "uv": [
                    15,
                    40
                  ],
                  "uv_size": [
                    -12,
                    -12
                  ]
                },
                "down": {
                  "uv": [
                    16,
                    40
                  ],
                  "uv_size": [
                    -12,
                    -12
                  ]
                }
              }
            },
            {
              "origin": [
                1,
                5,
                -3
              ],
              "size": [
                5,
                1,
                5
              ],
              "uv": {
                "north": {
                  "uv": [
                    38,
                    0
                  ],
                  "uv_size": [
                    14,
                    4
                  ]
                },
                "east": {
                  "uv": [
                    38,
                    0
                  ],
                  "uv_size": [
                    14,
                    4
                  ]
                },
                "south": {
                  "uv": [
                    38,
                    0
                  ],
                  "uv_size": [
                    14,
                    4
                  ]
                },
                "west": {
                  "uv": [
                    38,
                    0
                  ],
                  "uv_size": [
                    14,
                    4
                  ]
                },
                "up": {
                  "uv": [
                    28,
                    14
                  ],
                  "uv_size": [
                    -13,
                    -14
                  ]
                },
                "down": {
                  "uv": [
                    15,
                    28
                  ],
                  "uv_size": [
                    -15,
                    -14
                  ]
                }
              }
            },
            {
              "origin": [
                1,
                0,
                -3
              ],
              "size": [
                5,
                1,
                5
              ],
              "uv": {
                "north": {
                  "uv": [
                    38,
                    0
                  ],
                  "uv_size": [
                    13,
                    4
                  ]
                },
                "east": {
                  "uv": [
                    38,
                    0
                  ],
                  "uv_size": [
                    14,
                    5
                  ]
                },
                "south": {
                  "uv": [
                    41,
                    0
                  ],
                  "uv_size": [
                    9,
                    5
                  ]
                },
                "west": {
                  "uv": [
                    38,
                    0
                  ],
                  "uv_size": [
                    14,
                    4
                  ]
                },
                "up": {
                  "uv": [
                    28,
                    14
                  ],
                  "uv_size": [
                    -14,
                    -14
                  ]
                },
                "down": {
                  "uv": [
                    14,
                    28
                  ],
                  "uv_size": [
                    -14,
                    -14
                  ]
                }
              }
            },
            {
              "origin": [
                -6,
                0,
                0
              ],
              "size": [
                1,
                5,
                5
              ],
              "uv": {
                "north": {
                  "uv": [
                    38,
                    0
                  ],
                  "uv_size": [
                    14,
                    4
                  ]
                },
                "east": {
                  "uv": [
                    15,
                    0
                  ],
                  "uv_size": [
                    13,
                    14
                  ]
                },
                "south": {
                  "uv": [
                    38,
                    0
                  ],
                  "uv_size": [
                    14,
                    4
                  ]
                },
                "west": {
                  "uv": [
                    0,
                    14
                  ],
                  "uv_size": [
                    15,
                    14
                  ]
                },
                "up": {
                  "uv": [
                    52,
                    4
                  ],
                  "uv_size": [
                    -14,
                    -4
                  ]
                },
                "down": {
                  "uv": [
                    52,
                    4
                  ],
                  "uv_size": [
                    -14,
                    -4
                  ]
                }
              }
            },
            {
              "origin": [
                -5,
                1,
                1
              ],
              "size": [
                4,
                3,
                3
              ],
              "uv": {
                "north": {
                  "uv": [
                    28,
                    0
                  ],
                  "uv_size": [
                    10,
                    16
                  ]
                },
                "east": {
                  "uv": [
                    3,
                    28
                  ],
                  "uv_size": [
                    12,
                    12
                  ]
                },
                "south": {
                  "uv": [
                    28,
                    0
                  ],
                  "uv_size": [
                    10,
                    16
                  ]
                },
                "west": {
                  "uv": [
                    4,
                    28
                  ],
                  "uv_size": [
                    12,
                    12
                  ]
                },
                "up": {
                  "uv": [
                    38,
                    16
                  ],
                  "uv_size": [
                    -10,
                    -16
                  ]
                },
                "down": {
                  "uv": [
                    38,
                    16
                  ],
                  "uv_size": [
                    -10,
                    -16
                  ]
                }
              }
            },
            {
              "origin": [
                -1,
                0,
                0
              ],
              "size": [
                1,
                5,
                5
              ],
              "uv": {
                "north": {
                  "uv": [
                    38,
                    0
                  ],
                  "uv_size": [
                    13,
                    4
                  ]
                },
                "east": {
                  "uv": [
                    14,
                    0
                  ],
                  "uv_size": [
                    14,
                    14
                  ]
                },
                "south": {
                  "uv": [
                    41,
                    0
                  ],
                  "uv_size": [
                    9,
                    5
                  ]
                },
                "west": {
                  "uv": [
                    0,
                    14
                  ],
                  "uv_size": [
                    14,
                    14
                  ]
                },
                "up": {
                  "uv": [
                    52,
                    4
                  ],
                  "uv_size": [
                    -14,
                    -4
                  ]
                },
                "down": {
                  "uv": [
                    52,
                    5
                  ],
                  "uv_size": [
                    -14,
                    -5
                  ]
                }
              }
            }
          ]
        }
      ]
    }
  ]
}