{
  "format_version": "1.12.0",
  "minecraft:geometry": [
    {
      "description": {
        "identifier": "geometry.pa_table1",
        "texture_width": 32,
        "texture_height": 32,
        "visible_bounds_width": 2,
        "visible_bounds_height": 2.5,
        "visible_bounds_offset": [
          0,
          0.75,
          0
        ]
      },
      "bones": [
        {
          "name": "bone",
          "pivot": [
            8,
            0,
            -8
          ],
          "cubes": [
            {
              "origin": [
                6,
                0,
                -8
              ],
              "size": [
                2,
                13,
                2
              ],
              "uv": {
                "north": {
                  "uv": [
                    0,
                    3
                  ],
                  "uv_size": [
                    2,
                    13
                  ]
                },
                "east": {
                  "uv": [
                    14,
                    3
                  ],
                  "uv_size": [
                    2,
                    13
                  ]
                },
                "south": {
                  "uv": [
                    0,
                    3
                  ],
                  "uv_size": [
                    2,
                    13
                  ]
                },
                "west": {
                  "uv": [
                    14,
                    3
                  ],
                  "uv_size": [
                    2,
                    13
                  ]
                },
                "up": {
                  "uv": [
                    2,
                    4
                  ],
                  "uv_size": [
                    -2,
                    -2
                  ]
                },
                "down": {
                  "uv": [
                    2,
                    4
                  ],
                  "uv_size": [
                    -2,
                    -2
                  ]
                }
              }
            },
            {
              "origin": [
                6,
                0,
                6
              ],
              "size": [
                2,
                13,
                2
              ],
              "uv": {
                "north": {
                  "uv": [
                    0,
                    3
                  ],
                  "uv_size": [
                    2,
                    13
                  ]
                },
                "east": {
                  "uv": [
                    14,
                    3
                  ],
                  "uv_size": [
                    2,
                    13
                  ]
                },
                "south": {
                  "uv": [
                    0,
                    3
                  ],
                  "uv_size": [
                    2,
                    13
                  ]
                },
                "west": {
                  "uv": [
                    14,
                    3
                  ],
                  "uv_size": [
                    2,
                    13
                  ]
                },
                "up": {
                  "uv": [
                    2,
                    4
                  ],
                  "uv_size": [
                    -2,
                    -2
                  ]
                },
                "down": {
                  "uv": [
                    2,
                    4
                  ],
                  "uv_size": [
                    -2,
                    -2
                  ]
                }
              }
            },
            {
              "origin": [
                -8,
                0,
                -8
              ],
              "size": [
                2,
                13,
                2
              ],
              "uv": {
                "north": {
                  "uv": [
                    0,
                    3
                  ],
                  "uv_size": [
                    2,
                    13
                  ]
                },
                "east": {
                  "uv": [
                    14,
                    3
                  ],
                  "uv_size": [
                    2,
                    13
                  ]
                },
                "south": {
                  "uv": [
                    0,
                    3
                  ],
                  "uv_size": [
                    2,
                    13
                  ]
                },
                "west": {
                  "uv": [
                    14,
                    3
                  ],
                  "uv_size": [
                    2,
                    13
                  ]
                },
                "up": {
                  "uv": [
                    2,
                    4
                  ],
                  "uv_size": [
                    -2,
                    -2
                  ]
                },
                "down": {
                  "uv": [
                    2,
                    4
                  ],
                  "uv_size": [
                    -2,
                    -2
                  ]
                }
              }
            },
            {
              "origin": [
                -8,
                0,
                6
              ],
              "size": [
                2,
                13,
                2
              ],
              "uv": {
                "north": {
                  "uv": [
                    0,
                    3
                  ],
                  "uv_size": [
                    2,
                    13
                  ]
                },
                "east": {
                  "uv": [
                    14,
                    3
                  ],
                  "uv_size": [
                    2,
                    13
                  ]
                },
                "south": {
                  "uv": [
                    0,
                    3
                  ],
                  "uv_size": [
                    2,
                    13
                  ]
                },
                "west": {
                  "uv": [
                    14,
                    3
                  ],
                  "uv_size": [
                    2,
                    13
                  ]
                },
                "up": {
                  "uv": [
                    2,
                    4
                  ],
                  "uv_size": [
                    -2,
                    -2
                  ]
                },
                "down": {
                  "uv": [
                    2,
                    4
                  ],
                  "uv_size": [
                    -2,
                    -2
                  ]
                }
              }
            },
            {
              "origin": [
                -8,
                13,
                -8
              ],
              "size": [
                16,
                3,
                16
              ],
              "uv": {
                "north": {
                  "uv": [
                    16,
                    0
                  ],
                  "uv_size": [
                    16,
                    3
                  ]
                },
                "east": {
                  "uv": [
                    0,
                    0
                  ],
                  "uv_size": [
                    16,
                    3
                  ]
                },
                "south": {
                  "uv": [
                    16,
                    0
                  ],
                  "uv_size": [
                    16,
                    3
                  ]
                },
                "west": {
                  "uv": [
                    0,
                    0
                  ],
                  "uv_size": [
                    16,
                    3
                  ]
                },
                "up": {
                  "uv": [
                    16,
                    32
                  ],
                  "uv_size": [
                    -16,
                    -16
                  ]
                },
                "down": {
                  "uv": [
                    32,
                    32
                  ],
                  "uv_size": [
                    -16,
                    -16
                  ]
                }
              }
            },
            {
              "origin": [
                -7,
                5,
                -7
              ],
              "size": [
                14,
                8,
                0
              ],
              "uv": {
                "north": {
                  "uv": [
                    17,
                    2
                  ],
                  "uv_size": [
                    14,
                    8
                  ]
                },
                "east": {
                  "uv": [
                    17,
                    2
                  ],
                  "uv_size": [
                    14,
                    8
                  ]
                },
                "south": {
                  "uv": [
                    17,
                    2
                  ],
                  "uv_size": [
                    14,
                    8
                  ]
                },
                "west": {
                  "uv": [
                    0,
                    0
                  ],
                  "uv_size": [
                    2,
                    6
                  ]
                },
                "up": {
                  "uv": [
                    14,
                    2
                  ],
                  "uv_size": [
                    -14,
                    -2
                  ]
                },
                "down": {
                  "uv": [
                    31,
                    10
                  ],
                  "uv_size": [
                    -14,
                    -8
                  ]
                }
              }
            },
            {
              "origin": [
                -7,
                5,
                7
              ],
              "size": [
                14,
                8,
                0
              ],
              "uv": {
                "north": {
                  "uv": [
                    17,
                    2
                  ],
                  "uv_size": [
                    14,
                    8
                  ]
                },
                "east": {
                  "uv": [
                    17,
                    2
                  ],
                  "uv_size": [
                    14,
                    8
                  ]
                },
                "south": {
                  "uv": [
                    17,
                    2
                  ],
                  "uv_size": [
                    14,
                    8
                  ]
                },
                "west": {
                  "uv": [
                    0,
                    0
                  ],
                  "uv_size": [
                    2,
                    6
                  ]
                },
                "up": {
                  "uv": [
                    14,
                    2
                  ],
                  "uv_size": [
                    -14,
                    -2
                  ]
                },
                "down": {
                  "uv": [
                    31,
                    10
                  ],
                  "uv_size": [
                    -14,
                    -8
                  ]
                }
              }
            },
            {
              "origin": [
                7,
                5,
                -7
              ],
              "size": [
                0,
                8,
                14
              ],
              "uv": {
                "north": {
                  "uv": [
                    17,
                    2
                  ],
                  "uv_size": [
                    14,
                    8
                  ]
                },
                "east": {
                  "uv": [
                    1,
                    2
                  ],
                  "uv_size": [
                    14,
                    8
                  ]
                },
                "south": {
                  "uv": [
                    17,
                    2
                  ],
                  "uv_size": [
                    14,
                    8
                  ]
                },
                "west": {
                  "uv": [
                    1,
                    2
                  ],
                  "uv_size": [
                    14,
                    8
                  ]
                },
                "up": {
                  "uv": [
                    14,
                    2
                  ],
                  "uv_size": [
                    -14,
                    -2
                  ]
                },
                "down": {
                  "uv": [
                    31,
                    10
                  ],
                  "uv_size": [
                    -14,
                    -8
                  ]
                }
              }
            },
            {
              "origin": [
                -7,
                5,
                -7
              ],
              "size": [
                0,
                8,
                14
              ],
              "uv": {
                "north": {
                  "uv": [
                    17,
                    2
                  ],
                  "uv_size": [
                    14,
                    8
                  ]
                },
                "east": {
                  "uv": [
                    1,
                    2
                  ],
                  "uv_size": [
                    14,
                    8
                  ]
                },
                "south": {
                  "uv": [
                    17,
                    2
                  ],
                  "uv_size": [
                    14,
                    8
                  ]
                },
                "west": {
                  "uv": [
                    1,
                    2
                  ],
                  "uv_size": [
                    14,
                    8
                  ]
                },
                "up": {
                  "uv": [
                    14,
                    2
                  ],
                  "uv_size": [
                    -14,
                    -2
                  ]
                },
                "down": {
                  "uv": [
                    31,
                    10
                  ],
                  "uv_size": [
                    -14,
                    -8
                  ]
                }
              }
            }
          ]
        }
      ]
    }
  ]
}