{
  "resource_pack_name": "vanilla",
  "texture_name": "atlas.terrain",
  "padding": 8,
  "num_mip_levels": 4,
  "texture_data": {
    "pa_headphone": {
      "textures": [
        "textures/blocks/pa_headphone"
      ]
    },
    "pa_bin": {
      "textures": [
        "textures/blocks/pa_bin"
      ]
    },
    "pa_oven": {
      "textures": [
        "textures/blocks/pa_oven"
      ]
    },
    "pa_bread_crate": {
      "textures": [
        "textures/blocks/pa_bread_crate"
      ]
    },
    "pa_pillow": {
      "textures": [
        "textures/blocks/pa_pillow"
      ]
    },
    "pa_fridge": {
      "textures": [
        "textures/blocks/pa_fridge"
      ]
    },
    "pa_cashier": {
      "textures": [
        "textures/blocks/pa_cashier"
      ]
    },
    "pa_calendar": {
      "textures": [
        "textures/blocks/pa_calendar"
      ]
    },
    "pa_butterfly_painting": {
      "textures": [
        "textures/blocks/pa_butterfly_painting"
      ]
    },
    "pa_plushie": {
      "textures": [
        "textures/blocks/pa_plushie"
      ]
    },
    "pa_milkshake": {
      "textures": [
        "textures/blocks/pa_milkshake"
      ]
    },
    "pa_thread": {
      "textures": [
        "textures/blocks/pa_thread"
      ]
    },
    "pa_stool1": {
      "textures": [
        "textures/blocks/pa_stool1"
      ]
    },
    "pa_stool": {
      "textures": [
        "textures/blocks/pa_stool"
      ]
    },
    "pa_berries_in_a_plate": {
      "textures": [
        "textures/blocks/pa_berries_in_a_plate"
      ]
    },
    "pa_sink": {
      "textures": [
        "textures/blocks/pa_sink"
      ]
    },
    "pa_chopboard_yellow": {
      "textures": [
        "textures/blocks/pa_chopboard_yellow"
      ]
    },
    "pa_table1": {
      "textures": [
        "textures/blocks/pa_table1"
      ]
    },
    "pa_table": {
      "textures": [
        "textures/blocks/pa_table"
      ]
    },
    "pa_jelly_roll": {
      "textures": [
        "textures/blocks/pa_jelly_roll"
      ]
    },
    "pa_sidetable": {
      "textures": [
        "textures/blocks/pa_sidetable"
      ]
    },
    "pa_chopboard_red": {
      "textures": [
        "textures/blocks/pa_chopboard_red"
      ]
    },
    "pa_cake": {
      "textures": [
        "textures/blocks/pa_cake"
      ]
    },
    "pa_recordplayer_pink": {
      "textures": [
        "textures/blocks/pa_recordplayer_pink"
      ]
    }
  }
}